run,label,model,tp,pp,ep,mode,workload,input_len,output_len,concurrency,completed,failed,output_tok_per_s,ttft_s_p50,ttft_s_p95,itl_ms_p50,itl_ms_p95,itl_ms_mean,total_output_tokens,total_input_tokens,wire_tx_bytes,wire_rx_bytes,bytes_per_output_token,bytes_per_total_token,pred_bytes_per_token,pred_tp_bytes,pred_ep_bytes,pred_pp_bytes,is_moe,gpu_util_mean,net_gbps_mean,net_gbps_peak,net_burstiness,net_samples,hw_out_of_sequence,hw_packet_seq_err,hw_local_ack_timeout_err,hw_np_cnp_sent,hw_rp_cnp_handled,hw_np_ecn_marked_roce_packets,nodes,num_prompts,token_passes,bytes_per_token_pass,h,layers,gb_per_token_total,msg_bytes,phase0_proto,wire_factor,pred_wire_bytes,ratio_raw,ratio_proto_corrected,gpu_util_active,gb_read_critical_path,roofline_tok_s,measured_tok_s,roofline_efficiency,railB_share,node_imbalance
p1_l70_pp2_dual_decode_in128_out1024_c1,l70_pp2,Llama-3.3-70B-Instruct,1,2,0,dual,decode,128,1024,1,8,0,1.661942038447891,0.6405900362879038,0.6431676940992475,593.3608412742615,673.5520530492067,601.6679350976339,8192,976,474416420,474416424,57912.16064453125,51746.99171029669,16384.0,0,0.0,16384,False,47.97621002788329,0.001,0.034,66.8,7283,0,0,0,0,0,0,2,8,13824,34318.31741898148,8192,80,140.0,16384,Ring/LL,2.0,32768.0,2.0946238659046315,1.0473119329523157,95.95242005576658,140.0,1.95,1.68531512435581,0.8642641663363129,1.0857651174889773,15.308352076059741
p1_l70_pp2_dual_decode_in128_out1024_c32,l70_pp2,Llama-3.3-70B-Instruct,1,2,0,dual,decode,128,1024,32,64,0,40.29857517493306,1.5653454600833356,1.8931520930491388,715.2212401852012,1575.719194021076,793.1600674648332,65536,7808,2462935508,2462935512,37581.41339111328,33580.5997491274,16384.0,0,0.0,16384,False,47.96784268119203,0.005,0.085,17.66,4047,0,0,0,0,0,0,2,64,78336,31440.659569035946,8192,80,140.0,524288,Ring/LL128,1.067,17481.728,1.9189855693991666,1.7984869441416746,95.93568536238406,140.0,1.95,1.3981687676683896,0.717009624445328,45.16285921360796,76.7309954890225
p1_l70_pp2_dual_decode_in128_out1024_c8,l70_pp2,Llama-3.3-70B-Instruct,1,2,0,dual,decode,128,1024,8,32,0,10.284997987279638,1.3681104388087988,1.7186316521838307,651.5055629424751,1790.5424400232732,777.0604874657588,32768,3904,1747437104,1747437100,53327.54833984375,47650.44458987784,16384.0,0,0.0,16384,False,47.98050422898806,0.002,0.021,8.68,5586,0,0,0,0,0,0,2,32,41472,42135.346836419754,8192,80,140.0,131072,Ring/LL,2.0,32768.0,2.571737477808823,1.2858687389044114,95.96100845797612,140.0,1.95,1.5349063106745804,0.7871314413715798,0.43748275588864916,48.565102098425115
p1_l70_pp2_dual_prefill_in4096_out32_c1,l70_pp2,Llama-3.3-70B-Instruct,1,2,0,dual,prefill,4096,32,1,8,0,1.6308098537180375,0.667053631041199,1.8072679489851,598.2004650868475,679.7730647958815,606.8676569228692,256,31048,112058688,112058684,437729.25,3579.692307692308,16384.0,0,0.0,16384,False,47.30327868852459,0.004,0.545,147.2,240,0,0,0,0,0,0,2,8,49536,2262.1666666666665,8192,80,140.0,16384,Ring/LL,2.0,32768.0,0.13807169596354166,0.06903584798177083,94.60655737704919,140.0,1.95,1.6716804121087045,0.8572720062095921,43.67279759691636,81.22607960599115
p1_l70_pp2_dual_prefill_in4096_out32_c8,l70_pp2,Llama-3.3-70B-Instruct,1,2,0,dual,prefill,4096,32,8,32,0,9.910395225818483,1.414805965963751,3.325461318716407,656.5001737326384,1707.856038119644,773.6082088808724,1024,124192,56219368,56219368,54901.7265625,448.9791081012011,16384.0,0,0.0,16384,False,47.17934782608695,0.002,0.018,7.21,181,0,0,0,0,0,0,2,32,148608,378.30647071490097,8192,80,140.0,131072,Ring/LL,2.0,32768.0,0.02308999455047003,0.011544997275235015,94.3586956521739,140.0,1.95,1.5232288429024132,0.7811429963602119,11.537625253987203,46.447309432178784
p1_l70_pp4_dual_decode_in128_out1024_c1,l70_pp4,Llama-3.3-70B-Instruct,1,4,0,dual,decode,128,1024,1,8,0,1.669992853290851,0.635066132992506,0.636013844050467,595.585695002228,634.2811123467982,598.7696233511614,8192,976,1420171768,1420171760,173360.8115234375,154905.29755671902,49152.0,0,0.0,49152,False,95.95460871597798,0.002,0.069,44.82,7276,0,0,0,0,0,0,4,8,13824,102732.33275462964,8192,80,140.0,16384,Ring/LL,2.0,98304.0,2.090094660535271,1.0450473302676355,95.95460871597798,140.0,1.95,1.6790195070018583,0.8610356446163376,1.0830785646205017,16.092075351019332
p1_l70_pp4_dual_decode_in128_out1024_c32,l70_pp4,Llama-3.3-70B-Instruct,1,4,0,dual,decode,128,1024,32,64,0,44.56965796641703,1.4627695279195905,1.7340602451004088,703.0696338042617,725.1684595830739,717.2106523383188,65536,7808,7383948152,7383948156,112670.10729980467,100675.55835514834,49152.0,0,0.0,49152,False,95.91136557991284,0.015,0.193,12.81,3874,0,0,0,0,0,0,4,64,78336,94259.95904820261,8192,80,140.0,524288,Ring/LL128,1.067,52445.183999999994,1.9177237762085493,1.79730438257596,95.91136557991284,140.0,1.95,1.4223342211340695,0.7294021646841382,45.16172994926522,77.72101536483119
p1_l70_pp4_dual_decode_in128_out1024_c8,l70_pp4,Llama-3.3-70B-Instruct,1,4,0,dual,decode,128,1024,8,32,0,11.47174302182412,1.3119608401320877,2.268947606906295,644.4111820310354,1167.9541184566915,696.5959429935955,32768,3904,4323463620,4323463624,131941.6387939453,117895.4957460733,49152.0,0,0.0,49152,False,95.94437649567976,0.007,0.044,6.79,5254,0,0,0,0,0,0,4,32,41472,104250.18373842593,8192,80,140.0,131072,Ring/LL,2.0,98304.0,2.120975417855345,1.0604877089276725,95.94437649567976,140.0,1.95,1.5518042328940207,0.7957970425097542,0.49078539488207834,39.595477931781026
p1_l70_pp4_dual_prefill_in4096_out32_c1,l70_pp4,Llama-3.3-70B-Instruct,1,4,0,dual,prefill,4096,32,1,8,0,1.6619574928639025,0.6611769017763436,0.6649748720228672,599.4960898533463,603.0603642575443,599.7841966379765,256,31048,335889932,335889928,1312070.046875,10729.93649373882,49152.0,0,0.0,49152,False,94.82773109243698,0.011,0.728,64.06,234,0,0,0,0,0,0,4,8,49536,6780.723756459948,8192,80,140.0,16384,Ring/LL,2.0,98304.0,0.1379541779878733,0.06897708899393665,94.82773109243698,140.0,1.95,1.6680675936429012,0.8554192787912315,43.64846160378514,85.63800313883374
p1_l70_pp4_dual_prefill_in4096_out32_c8,l70_pp4,Llama-3.3-70B-Instruct,1,4,0,dual,prefill,4096,32,8,32,0,11.93550370276498,1.1019686227664351,1.5883889170363543,649.5643178932369,652.1259299479425,651.602365999415,1024,124192,168656816,168656816,164703.921875,1346.927038078201,49152.0,0,0.0,49152,False,94.2,0.008,0.057,7.01,163,0,0,0,0,0,0,4,32,148608,1134.910745047373,8192,80,140.0,131072,Ring/LL,2.0,98304.0,0.02308981821792344,0.01154490910896172,94.2,140.0,1.95,1.5394934303709107,0.7894838104466209,11.566775931546104,46.345421314304
p1_l70_tp2_dual_decode_in128_out1024_c1,l70_tp2,Llama-3.3-70B-Instruct,2,1,0,dual,decode,128,1024,1,8,0,3.308082783419496,0.363165333867073,0.3715696758590638,298.5208057798445,331.2016003765166,302.22932812283256,8192,976,148631004044,148631004040,18143433.110839844,16211933.2508726,5242880.0,5242880,0.0,0,False,47.92512591247904,0.32,5.368,16.78,3668,0,0,0,0,0,0,2,8,13824,10751664.065682871,8192,80,140.0,16384,Ring/LL,2.0,10485760.0,2.050717175613951,1.0253585878069755,95.85025182495808,70.0,3.9,3.3498502638288064,0.8589359650843094,49.97217541369245,1.0000000959692144
p1_l70_tp2_dual_decode_in128_out1024_c32,l70_tp2,Llama-3.3-70B-Instruct,2,1,0,dual,decode,128,1024,32,64,0,78.58037279517305,1.2300038947723806,2.7836882998235524,370.2758150175214,564.1881846822798,405.6769970592064,65536,7808,536185098340,536185098340,8181535.314025879,7310551.624400088,5242880.0,5242880,0.0,0,False,47.89113100228839,2.033,10.52,5.17,2080,0,0,0,0,0,0,2,64,78336,6844683.138531454,8192,80,140.0,524288,Ring/LL128,1.067,5594152.96,1.305519702631274,1.2235423642279981,95.78226200457678,70.0,3.9,2.7006894845472966,0.6924844832172555,49.98059871892709,1.0000402607730376
p1_l70_tp2_dual_decode_in128_out1024_c8,l70_tp2,Llama-3.3-70B-Instruct,2,1,0,dual,decode,128,1024,8,32,0,23.33521922939361,1.1194384833797812,1.1365743670612574,328.5120693035424,337.580107152462,342.079831525316,32768,3904,291781603492,291781603492,8904467.880004883,7956522.782831588,5242880.0,5242880,0.0,0,False,47.91825014609919,0.882,2.872,3.26,2610,0,0,0,0,0,0,2,32,41472,7035628.94222608,8192,80,140.0,131072,Ring/LL,2.0,10485760.0,1.341939724393097,0.6709698621965485,95.83650029219838,70.0,3.9,3.0440281908668885,0.7805200489402279,49.97461494449494,1.0000066712858855
p1_l70_tp2_dual_prefill_in4096_out32_c1,l70_tp2,Llama-3.3-70B-Instruct,2,1,0,dual,prefill,4096,32,1,8,0,3.211508017589676,0.372457361780107,0.3931792397052049,300.8859092369676,379.0028500370681,309.2892068032656,256,31048,20468101436,20468101440,79953521.234375,653849.3941988244,5242880.0,5242880,0.0,0,False,46.78769841269842,1.304,37.751,28.95,124,0,0,0,0,0,0,2,8,49536,413196.49216731265,8192,80,140.0,16384,Ring/LL,2.0,10485760.0,0.07881097644182447,0.039405488220912235,93.57539682539684,70.0,3.9,3.323518879750642,0.8521843281411903,49.90120319628457,1.0000144971995468
p1_l70_tp2_dual_prefill_in4096_out32_c8,l70_tp2,Llama-3.3-70B-Instruct,2,1,0,dual,prefill,4096,32,8,32,0,21.755165856004517,1.254713164176792,1.2753461939282715,329.56131314858794,336.73981158062816,339.8361501482037,1024,124192,11559425684,11559425684,11288501.64453125,92315.88362509584,5242880.0,5242880,0.0,0,False,46.45,1.037,4.201,4.05,88,0,0,0,0,0,0,2,32,148608,77784.67972114557,8192,80,140.0,131072,Ring/LL,2.0,10485760.0,0.014836250251988519,0.0074181251259942595,92.9,70.0,3.9,3.034336738272232,0.7780350610954441,49.97753225747543,1.0000043773896845
p1_l70_tp2pp2_dual_decode_in128_out1024_c1,l70_tp2pp2,Llama-3.3-70B-Instruct,2,2,0,dual,decode,128,1024,1,8,0,3.19635080215144,0.3803672580979764,0.3850520718842745,312.6987088471651,315.3817290440202,312.79229633320074,8192,976,150157020292,150157020296,18329714.39111328,16378383.539703315,5259264.0,5242880,0.0,16384,False,95.84611385495192,0.312,5.16,16.53,3803,0,0,0,0,0,0,4,8,13824,10862052.972511575,8192,80,140.0,16384,Ring/LL,2.0,10518528.0,2.0653180696978843,1.0326590348489422,95.84611385495192,70.0,3.9,3.197966514434061,0.8199914139574516,49.7992573391415,1.0406008008658894
p1_l70_tp2pp2_dual_decode_in128_out1024_c32,l70_tp2pp2,Llama-3.3-70B-Instruct,2,2,0,dual,decode,128,1024,32,64,0,48.15039214778655,1.1491859392262995,1.206918406765908,664.2342288978398,676.4136389829218,664.0834347007808,65536,7808,563446194484,563446194484,8597506.629699707,7682239.7808137,5259264.0,5242880,0.0,16384,False,95.87296939931998,1.702,9.845,5.78,2616,0,0,0,0,0,0,4,64,78336,7192685.284977533,8192,80,140.0,524288,Ring/LL128,1.067,5611634.688,1.3676220256251699,1.281745103678697,95.87296939931998,70.0,3.9,1.5054930271499174,0.38602385311536347,49.954457845928836,1.0570223739222024
p1_l70_tp2pp2_dual_decode_in128_out1024_c8,l70_tp2pp2,Llama-3.3-70B-Instruct,2,2,0,dual,decode,128,1024,8,32,0,14.432642766580644,1.0626692869700491,1.100964013021439,624.2717769928277,630.4989350028336,553.8569646443384,32768,3904,331269792640,331269792640,10109551.77734375,9033316.771378707,5259264.0,5242880,0.0,16384,False,95.88965172262866,0.745,3.669,4.92,3513,0,0,0,0,0,0,4,32,41472,7987793.99691358,8192,80,140.0,131072,Ring/LL,2.0,10518528.0,1.5188045317583563,0.7594022658791781,95.88965172262866,70.0,3.9,1.6018664255768351,0.4107349809171372,49.7567616408431,1.0647441753317424
p1_l70_tp2pp2_dual_prefill_in4096_out32_c1,l70_tp2pp2,Llama-3.3-70B-Instruct,2,2,0,dual,prefill,4096,32,1,8,0,3.1499391736086384,0.3931262218393385,0.4047485408373177,314.83022309839725,318.10326082631946,315.0393709300026,256,31048,20728775736,20728775732,80971780.21875,662176.5824175824,5259264.0,5242880,0.0,16384,False,93.345703125,1.311,46.059,35.15,125,0,0,0,0,0,0,4,8,49536,418458.8125,8192,80,140.0,16384,Ring/LL,2.0,10518528.0,0.07956604051441418,0.03978302025720709,93.345703125,70.0,3.9,3.176315126796004,0.8144397761015395,49.849964549782904,1.0017801519107588
p1_l70_tp2pp2_dual_prefill_in4096_out32_c8,l70_tp2pp2,Llama-3.3-70B-Instruct,2,2,0,dual,prefill,4096,32,8,32,0,12.55346003648614,1.1434595049358904,1.1974715050309896,630.233523901552,633.2449931651354,621.0363546509349,1024,124192,13093426508,13093426512,12786549.32421875,104566.72077050856,5259264.0,5242880,0.0,16384,False,93.794,0.844,4.306,5.1,122,0,0,0,0,0,0,4,32,148608,88107.14435292852,8192,80,140.0,131072,Ring/LL,2.0,10518528.0,0.016752751782935504,0.008376375891467752,93.794,70.0,3.9,1.5867134356950026,0.4068495988961545,49.78784968180004,1.0473082557699493
p1_l70_tp4_dual_decode_in128_out1024_c1,l70_tp4,Llama-3.3-70B-Instruct,4,1,0,dual,decode,128,1024,1,8,0,5.832888514294528,0.2531591723673045,0.2583671598695218,166.91961279138923,202.0945861004293,171.3628561347145,8192,976,449811470948,449811470940,54908626.82470703,49063205.818935424,15728640.0,15728640,0.0,0,False,95.47479287868951,1.706,18.643,10.93,2080,0,0,0,0,0,0,4,8,13824,32538445.525752313,8192,80,140.0,16384,Ring/LL,2.0,31457280.0,2.0687386529129226,1.0343693264564613,95.47479287868951,35.0,7.8,5.990907738623669,0.7680650946953422,2.2032036362064376,1.002967848290152
p1_l70_tp4_dual_decode_in128_out1024_c32,l70_tp4,Llama-3.3-70B-Instruct,4,1,0,dual,decode,128,1024,32,64,0,122.65143335634806,0.9091825759969652,0.9210083507932724,242.85369971767068,418.2363790459931,260.26675715059844,65536,7808,1963364362660,1963364362664,29958562.66265869,26769256.689845115,15728640.0,15728640,0.0,0,False,95.47031502423263,12.673,38.923,3.07,1220,0,0,0,0,0,0,4,64,78336,25063372.685100082,8192,80,140.0,524288,Ring/LL128,1.067,16782458.88,1.59348632081986,1.4934267299155202,95.47031502423263,35.0,7.8,4.117705438140531,0.5279109536077604,46.33512798059987,1.0005516363617648
p1_l70_tp4_dual_decode_in128_out1024_c8,l70_tp4,Llama-3.3-70B-Instruct,4,1,0,dual,decode,128,1024,8,32,0,38.74107902425474,0.8118996280245483,0.897744479123503,191.056227311492,344.0346010029316,205.8948919690768,32768,3904,1317460587252,1317460587256,40205706.39807129,35925517.75883508,15728640.0,15728640,0.0,0,False,95.5376250493958,6.797,15.715,2.31,1530,0,0,0,0,0,0,4,32,41472,31767471.72193287,8192,80,140.0,131072,Ring/LL,2.0,31457280.0,2.0197214585579473,1.0098607292789736,95.5376250493958,35.0,7.8,5.234061271238398,0.6710334963126151,44.53600662740504,1.002157348445248
p1_l70_tp4_dual_prefill_in4096_out32_c1,l70_tp4,Llama-3.3-70B-Instruct,4,1,0,dual,prefill,4096,32,1,8,0,5.617273719161337,0.2625490622594952,0.3485143268480897,168.0702310986817,205.4998581297696,174.95025481255124,256,31048,62619052916,62619052912,244605675.453125,2000353.0831842576,15728640.0,15728640,0.0,0,False,92.28125,7.072,157.929,22.33,70,0,0,0,0,0,0,4,8,49536,1264112.0178456071,8192,80,140.0,16384,Ring/LL,2.0,31457280.0,0.08037007763198897,0.04018503881599449,92.28125,35.0,7.8,5.949893645430014,0.7628068776192326,39.50509610099706,1.0005858078538759
p1_l70_tp4_dual_prefill_in4096_out32_c8,l70_tp4,Llama-3.3-70B-Instruct,4,1,0,dual,prefill,4096,32,8,32,0,36.624445932242246,0.917073184158653,0.9494650978595018,192.3559908755124,204.39723040908572,197.0048104135898,1024,124192,50100470816,50100470820,48926241.03125,400112.3723485817,15728640.0,15728640,0.0,0,False,90.02314814814815,7.605,19.174,2.52,52,0,0,0,0,0,0,4,32,148608,337131.72114556417,8192,80,140.0,131072,Ring/LL,2.0,31457280.0,0.021434257580157226,0.010717128790078613,90.02314814814815,35.0,7.8,5.198694334647331,0.6664992736727348,45.4958582239923,1.0007065465056089
p1_l70_tp4_tcp_decode_in128_out1024_c1,l70_tp4,Llama-3.3-70B-Instruct,4,1,0,tcp,decode,128,1024,1,8,0,2.9998177028853465,0.559528521989705,0.5979214509861777,333.3746819989756,385.650269992766,333.1513862704085,8192,976,0,0,0.0,0.0,15728640.0,15728640,0.0,0,False,95.85469827824484,0.0,0.0,,4034,0,0,0,0,0,0,4,8,13824,0.0,8192,80,140.0,16384,Ring/LL,2.0,31457280.0,0.0,0.0,95.85469827824484,35.0,7.8,2.9996279081657224,0.384567680534067,,
p1_l70_tp4_tcp_decode_in128_out1024_c32,l70_tp4,Llama-3.3-70B-Instruct,4,1,0,tcp,decode,128,1024,32,64,0,38.83829350268391,2.533559443996637,2.566612249007449,831.859104000614,880.489948001923,822.2526110178712,65536,7808,0,0,0.0,0.0,15728640.0,15728640,0.0,0,False,95.90342271244631,0.0,0.0,,2995,0,0,0,0,0,0,4,64,78336,0.0,8192,80,140.0,524288,Ring/LL128,1.067,16782458.88,0.0,0.0,95.90342271244631,35.0,7.8,1.2021266524472176,0.15411880159579713,,
p1_l70_tp4_tcp_decode_in128_out1024_c8,l70_tp4,Llama-3.3-70B-Instruct,4,1,0,tcp,decode,128,1024,8,32,0,15.502547848679995,1.9874988259980453,2.238483267006813,506.8588249996537,576.5903220017208,514.5995784845416,32768,3904,0,0,0.0,0.0,15728640.0,15728640,0.0,0,False,95.91671498985212,0.0,0.0,,3409,0,0,0,0,0,0,4,32,41472,0.0,8192,80,140.0,131072,Ring/LL,2.0,31457280.0,0.0,0.0,95.91671498985212,35.0,7.8,1.9729359550969312,0.25294050706370913,,
p1_l70_tp4_tcp_prefill_in4096_out32_c1,l70_tp4,Llama-3.3-70B-Instruct,4,1,0,tcp,prefill,4096,32,1,8,0,2.7072319341109674,0.5637547340011224,0.5883683830033988,363.0325159901986,407.8310580080142,363.2715675968,256,31048,0,0,0.0,0.0,15728640.0,15728640,0.0,0,False,94.0603448275862,0.0,0.0,,142,0,0,0,0,0,0,4,8,49536,0.0,8192,80,140.0,16384,Ring/LL,2.0,31457280.0,0.0,0.0,94.0603448275862,35.0,7.8,2.754574193643301,0.35315053764657706,,
p1_l70_tp4_tcp_prefill_in4096_out32_c8,l70_tp4,Llama-3.3-70B-Instruct,4,1,0,tcp,prefill,4096,32,8,32,0,14.673077450958807,2.2375841189932544,2.333441616006894,495.54408399853855,546.087003996945,492.7400818195741,1024,124192,0,0,0.0,0.0,15728640.0,15728640,0.0,0,False,93.60398230088497,0.0,0.0,,111,0,0,0,0,0,0,4,32,148608,0.0,8192,80,140.0,131072,Ring/LL,2.0,31457280.0,0.0,0.0,93.60398230088497,35.0,7.8,2.017983933802647,0.2587158889490573,,
p1_l8_pp2_dual_decode_in128_out1024_c1,l8_pp2,Llama-3.1-8B-Instruct,1,2,0,dual,decode,128,1024,1,8,0,13.8618340663759,0.0799010479822754,0.0803398611024022,72.10315018892288,74.31459985673428,72.1335305768827,8192,976,261181844,261181836,31882.54931640625,28488.42102966841,8192.0,0,0.0,8192,False,47.78904494382022,0.002,0.018,7.8,880,0,0,0,0,0,0,2,8,13824,18893.36255787037,4096,32,16.0,8192,Ring/LL,2.0,16384.0,2.3063186716150352,1.1531593358075176,95.57808988764044,16.0,17.0625,13.869019555731267,0.8128363109586091,0.41190612009003197,8.677803237917097
p1_l8_pp2_dual_decode_in128_out1024_c32,l8_pp2,Llama-3.1-8B-Instruct,1,2,0,dual,decode,128,1024,32,64,0,390.2540394882829,0.1770770889706909,0.2237832411192357,81.11264696344733,88.14916480332613,81.8824863576259,65536,7808,1244978832,1244978828,18996.869384765625,16974.515052356022,8192.0,0,0.0,8192,False,47.69914346895074,0.021,0.092,4.32,460,0,0,0,0,0,0,2,64,78336,15892.805759803921,4096,32,16.0,262144,Ring/LL128,1.067,8740.864,1.9400397656010646,1.8182190867863774,95.39828693790147,16.0,17.0625,12.328533680458497,0.7225514244957361,44.66184401760174,52.495964058351035
p1_l8_pp2_dual_decode_in128_out1024_c8,l8_pp2,Llama-3.1-8B-Instruct,1,2,0,dual,decode,128,1024,8,32,0,103.77560594628974,0.1495069209486246,0.192426502238959,76.85752119868994,79.26658913493156,77.00786018431565,32768,3904,736630584,736630588,22480.18139648437,20087.00327225131,8192.0,0,0.0,8192,False,47.765879478827365,0.01,0.026,2.7,605,0,0,0,0,0,0,2,32,41472,17762.11863425926,4096,32,16.0,65536,Ring/LL,2.0,16384.0,2.168227372346101,1.0841136861730505,95.53175895765473,16.0,17.0625,13.011088367198672,0.7625546295794093,0.3304299404435263,27.11391563488631
p1_l8_pp2_dual_prefill_in4096_out32_c1,l8_pp2,Llama-3.1-8B-Instruct,1,2,0,dual,prefill,4096,32,1,8,0,13.445926692093192,0.0923621929250657,0.0930655868723988,73.76151718199253,76.03936735540628,73.80991984879779,256,31048,56871772,56871776,222155.359375,1816.757347303859,8192.0,0,0.0,8192,False,43.21875,0.015,0.306,20.45,30,0,0,0,0,0,0,2,8,49536,1148.0897125322997,4096,32,16.0,8192,Ring/LL,2.0,16384.0,0.140147669986853,0.0700738349934265,86.4375,16.0,17.0625,13.557204870565364,0.7945614576155525,40.31284272274829,49.895791719467056
p1_l8_pp2_dual_prefill_in4096_out32_c8,l8_pp2,Llama-3.1-8B-Instruct,1,2,0,dual,prefill,4096,32,8,32,0,97.17287712721188,0.1697667208500206,0.2236610408872366,78.68840405717492,80.4395480081439,78.55712769519268,1024,124192,28738288,28738288,28064.734375,229.50971121901355,8192.0,0,0.0,8192,False,41.96739130434783,0.011,0.025,2.31,21,0,0,0,0,0,0,2,32,148608,193.38318260120585,4096,32,16.0,65536,Ring/LL,2.0,16384.0,0.02360634553237376,0.01180317276618688,83.93478260869566,16.0,17.0625,12.708352799650136,0.7448118856937809,8.165469007757178,31.979293186627558
p1_l8_pp4_dual_decode_in128_out1024_c1,l8_pp4,Llama-3.1-8B-Instruct,1,4,0,dual,decode,128,1024,1,8,0,14.525493492095446,0.0740149393677711,0.0753580299206078,68.79763025790453,70.32245770096779,68.83928938449031,8192,976,780740064,780740064,95305.18359375,85159.25654450261,24576.0,0,0.0,24576,False,95.46235294117648,0.007,0.034,4.64,841,0,0,0,0,0,0,4,8,13824,56477.145833333336,4096,32,16.0,8192,Ring/LL,2.0,49152.0,2.2980609469943576,1.1490304734971788,95.46235294117648,16.0,17.0625,14.535384376631267,0.8518906594362647,0.41604115758558025,9.588696936115898
p1_l8_pp4_dual_decode_in128_out1024_c32,l8_pp4,Llama-3.1-8B-Instruct,1,4,0,dual,decode,128,1024,32,64,0,414.9453084897641,0.1702189659699797,0.2114798696711659,77.19539105892181,84.8286566324532,77.02203645451242,65536,7808,3742109760,3742109764,57100.0634765625,51021.34816753927,24576.0,0,0.0,24576,False,95.32975113122173,0.068,0.305,4.49,436,0,0,0,0,0,0,4,64,78336,47769.98774509804,4096,32,16.0,262144,Ring/LL128,1.067,26222.591999999997,1.9437657773884294,1.8217111315730363,95.32975113122173,16.0,17.0625,12.954141254841478,0.7592170698808192,44.55989329399039,51.352101537816615
p1_l8_pp4_dual_decode_in128_out1024_c8,l8_pp4,Llama-3.1-8B-Instruct,1,4,0,dual,decode,128,1024,8,32,0,115.57543326353108,0.108928520232439,0.1851647510193288,68.99848999455571,70.57832181453705,69.16230683241591,32768,3904,2283811372,2283811372,69696.39196777344,62276.70626090751,24576.0,0,0.0,24576,False,95.51980633802818,0.032,0.089,2.76,561,0,0,0,0,0,0,4,32,41472,55068.754147376545,4096,32,16.0,65536,Ring/LL,2.0,49152.0,2.240753342585309,1.1203766712926544,95.51980633802818,16.0,17.0625,14.493070791533329,0.8494107423609277,0.2845741149939418,20.36740753468902
p1_l8_pp4_dual_prefill_in4096_out32_c1,l8_pp4,Llama-3.1-8B-Instruct,1,4,0,dual,prefill,4096,32,1,8,0,14.001503926292962,0.0889121452346444,0.0902778808958828,70.93110214918852,72.49931572005153,70.85730155156325,256,31048,170296120,170296120,665219.21875,5440.075389726552,24576.0,0,0.0,24576,False,87.03333333333333,0.046,1.088,23.49,29,0,0,0,0,0,0,4,8,49536,3437.825419896641,4096,32,16.0,8192,Ring/LL,2.0,49152.0,0.1398854744424089,0.06994273722120445,87.03333333333333,16.0,17.0625,14.098187814658685,0.8262674177089339,40.38004858830606,50.40599132413597
p1_l8_pp4_dual_prefill_in4096_out32_c8,l8_pp4,Llama-3.1-8B-Instruct,1,4,0,dual,prefill,4096,32,8,32,0,108.37387403661832,0.1478135120123624,0.2147099389694631,70.43021963909268,72.64523813501,70.32788351211967,1024,124192,92008568,92008572,89852.1171875,734.7988116534628,24576.0,0,0.0,24576,False,82.47619047619048,0.036,0.089,2.44,20,0,0,0,0,0,0,4,32,148608,619.1360357450474,4096,32,16.0,65536,Ring/LL,2.0,49152.0,0.025192709787803035,0.012596354893901518,82.47619047619048,16.0,17.0625,14.198450681033295,0.832143629657629,7.894286540792592,27.89916128305152
p1_l8_tp1_dual_decode_in128_out1024_c1,l8_tp1,Llama-3.1-8B-Instruct,1,1,0,dual,decode,128,1024,1,8,0,14.54629678187167,0.0790574047714471,0.0813541249372065,68.77431785687804,70.55825926363468,68.73614757646327,8192,976,0,0,0.0,0.0,0.0,0,0.0,0,False,24.016548463356973,0.0,0.0,,835,0,0,0,0,0,0,1,8,13824,0.0,4096,32,16.0,8192,Ring/LL,2.0,0.0,,,96.06619385342789,16.0,17.0625,14.540311429639155,0.8521794244477161,,
p1_l8_tp1_dual_decode_in128_out1024_c32,l8_tp1,Llama-3.1-8B-Instruct,1,1,0,dual,decode,128,1024,32,64,0,409.98043748077015,0.2446051449514925,0.2607720820233226,77.98656541854143,86.40647307038307,77.88157210450063,65536,7808,0,0,0.0,0.0,0.0,0,0.0,0,False,23.86261261261261,0.0,0.0,,437,0,0,0,0,0,0,1,64,78336,0.0,4096,32,16.0,262144,Ring/LL128,1.067,0.0,,,95.45045045045045,16.0,17.0625,12.822721383268513,0.7515148063454073,,
p1_l8_tp1_dual_decode_in128_out1024_c8,l8_tp1,Llama-3.1-8B-Instruct,1,1,0,dual,decode,128,1024,8,32,0,115.79117967482031,0.2104424582794308,0.2245001741684973,68.99086525663733,72.39199336618185,68.94801129690096,32768,3904,0,0,0.0,0.0,0.0,0,0.0,0,False,23.95282186948853,0.0,0.0,,558,0,0,0,0,0,0,1,32,41472,0.0,4096,32,16.0,65536,Ring/LL,2.0,0.0,,,95.81128747795412,16.0,17.0625,14.494672537880572,0.8495046176047222,,
p1_l8_tp1_dual_prefill_in4096_out32_c1,l8_tp1,Llama-3.1-8B-Instruct,1,1,0,dual,prefill,4096,32,1,8,0,14.070589331300248,0.0907526439987123,0.0923608872108161,70.32462395727634,73.02231108769774,70.44872264715752,256,31048,0,0,0.0,0.0,0.0,0,0.0,0,False,22.45833333333333,0.0,0.0,,29,0,0,0,0,0,0,1,8,49536,0.0,4096,32,16.0,8192,Ring/LL,2.0,0.0,,,89.83333333333331,16.0,17.0625,14.219770312707546,0.8333931318802957,,
p1_l8_tp1_dual_prefill_in4096_out32_c8,l8_tp1,Llama-3.1-8B-Instruct,1,1,0,dual,prefill,4096,32,8,32,0,105.153633215963,0.2392761977389454,0.2675594049505889,70.76116930693388,72.98915879800916,70.67401114956385,1024,124192,0,0,0.0,0.0,0.0,0,0.0,0,False,20.36904761904762,0.0,0.0,,20,0,0,0,0,0,0,1,32,148608,0.0,4096,32,16.0,65536,Ring/LL,2.0,0.0,,,81.47619047619048,16.0,17.0625,14.13204459160923,0.8282516976767315,,
p1_l8_tp2_dual_decode_in128_out1024_c1,l8_tp2,Llama-3.1-8B-Instruct,2,1,0,dual,decode,128,1024,1,8,0,26.409668889797757,0.0609707650728523,0.0708067710511386,37.78728703036904,39.0889379195869,37.840845118691455,8192,976,32735219600,32735219600,3995998.486328125,3570595.5061082025,1048576.0,1048576,0.0,0,False,47.02029914529915,0.561,1.583,2.82,460,0,0,0,0,0,0,2,8,13824,2367999.1030092593,4096,32,16.0,8192,Ring/LL,2.0,2097152.0,2.2582999258129686,1.1291499629064843,94.0405982905983,8.0,34.125,26.463926854455465,0.775499688042651,5.803069217840225,1.0000000263935915
p1_l8_tp2_dual_decode_in128_out1024_c32,l8_tp2,Llama-3.1-8B-Instruct,2,1,0,dual,decode,128,1024,32,64,0,640.6371081924909,0.1749806478619575,0.2035257150419056,49.81018276885152,55.02822529524565,49.81417003672507,65536,7808,121862538344,121862538340,1859474.767211914,1661520.2108420592,1048576.0,1048576,0.0,0,False,46.86057692307692,3.756,10.727,2.86,256,0,0,0,0,0,0,2,64,78336,1555639.0209354574,4096,32,16.0,262144,Ring/LL128,1.067,1118830.592,1.4835729798655104,1.390415163885202,93.72115384615384,8.0,34.125,20.076216235555428,0.5883140288807451,45.963985310960695,1.0000301512789878
p1_l8_tp2_dual_decode_in128_out1024_c8,l8_tp2,Llama-3.1-8B-Instruct,2,1,0,dual,decode,128,1024,8,32,0,196.90445278873872,0.1732940529473126,0.1838248427957296,40.40225921198726,42.93412109836936,40.50214757080183,32768,3904,95806843444,95806843448,2923792.829711914,2612533.9071771377,1048576.0,1048576,0.0,0,False,46.97453703703704,2.37,4.451,1.88,319,0,0,0,0,0,0,2,32,41472,2310157.2975501544,4096,32,16.0,65536,Ring/LL,2.0,2097152.0,2.2031376815320534,1.1015688407660267,93.94907407407408,8.0,34.125,24.751091139559403,0.7253067000603488,44.90008867179102,1.0000136780308693
p1_l8_tp2_dual_prefill_in4096_out32_c1,l8_tp2,Llama-3.1-8B-Instruct,2,1,0,dual,prefill,4096,32,1,8,0,25.062403345917595,0.0727148540318012,0.0792456832714378,38.86300837621093,40.30848294496536,38.86529547537888,256,31048,4226344572,4226344572,16509158.484375,135009.7294914388,1048576.0,1048576,0.0,0,False,39.20833333333333,1.966,23.73,12.07,17,0,0,0,0,0,0,2,8,49536,85318.64849806202,4096,32,16.0,8192,Ring/LL,2.0,2097152.0,0.08136620378309442,0.04068310189154721,78.41666666666666,8.0,34.125,25.731409939229675,0.7540339908931772,39.609334058813225,1.0000693597411776
p1_l8_tp2_dual_prefill_in4096_out32_c8,l8_tp2,Llama-3.1-8B-Instruct,2,1,0,dual,prefill,4096,32,8,32,0,174.91371112692357,0.1892911419272422,0.2027386100962758,41.58410103991628,42.87387989461422,41.200841088861885,1024,124192,3454204128,3454204128,3373246.21875,27585.96447738308,1048576.0,1048576,0.0,0,False,38.59615384615384,2.159,4.404,2.04,12,0,0,0,0,0,0,2,32,148608,23243.729328165373,4096,32,16.0,65536,Ring/LL,2.0,2097152.0,0.022166947677770017,0.011083473838885008,77.19230769230768,8.0,34.125,24.04765222747288,0.7046931055669708,45.57749332873242,1.000023118761986
p1_l8_tp2pp2_dual_decode_in128_out1024_c1,l8_tp2pp2,Llama-3.1-8B-Instruct,2,2,0,dual,decode,128,1024,1,8,0,25.323741372505904,0.0628925329074263,0.0648495950736105,39.36390532180667,40.94931902363896,39.46571813104037,8192,976,33528938624,33528938616,4092888.015625,3657170.443280977,1056768.0,1048576,0.0,8192,False,94.5753073770492,0.551,1.558,2.83,481,0,0,0,0,0,0,4,8,13824,2425415.1203703703,4096,32,16.0,8192,Ring/LL,2.0,2113536.0,2.295125439425087,1.1475627197125435,94.5753073770492,8.0,34.125,25.403983467210093,0.7444390759622005,5.721276600825335,1.216876158423388
p1_l8_tp2pp2_dual_decode_in128_out1024_c32,l8_tp2pp2,Llama-3.1-8B-Instruct,2,2,0,dual,decode,128,1024,32,64,0,395.5277447754032,0.1598168490454554,0.1896171378903091,80.73650114238262,85.92831622809172,80.81211715725054,65536,7808,129551037848,129551037848,1976791.959350586,1766348.1381980802,1056768.0,1048576,0.0,8192,False,94.55623100303951,3.154,7.23,2.29,325,0,0,0,0,0,0,4,64,78336,1653786.7372344772,4096,32,16.0,262144,Ring/LL128,1.067,1127571.456,1.5649477815702948,1.4666802076572585,94.55623100303951,8.0,34.125,12.385971473255362,0.36295887101114616,43.75810808903926,1.3071237984854105
p1_l8_tp2pp2_dual_decode_in128_out1024_c8,l8_tp2pp2,Llama-3.1-8B-Instruct,2,2,0,dual,decode,128,1024,8,32,0,112.54944394842911,0.1515253963880241,0.1738487198017537,71.02338038384914,72.67010677605867,70.99994457151466,32768,3904,136454385004,136454385016,4164257.3548583984,3720941.999454625,1056768.0,1048576,0.0,8192,False,94.86951754385964,2.398,4.121,1.72,450,0,0,0,0,0,0,4,32,41472,3290277.4161844137,4096,32,16.0,65536,Ring/LL,2.0,2113536.0,3.1135286232970847,1.5567643116485423,94.86951754385964,8.0,34.125,14.079870524261922,0.4125969384399098,45.9697961939158,1.153885431296038
p1_l8_tp2pp2_dual_prefill_in4096_out32_c1,l8_tp2pp2,Llama-3.1-8B-Instruct,2,2,0,dual,prefill,4096,32,1,8,0,24.17965619450535,0.0752245071344077,0.0788035960868001,40.27831275016069,41.708913166075945,40.28781007734999,256,31048,4354095232,4354095236,17008184.5,139090.6986966522,1056768.0,1048576,0.0,8192,False,79.64473684210526,2.011,24.503,12.18,17,0,0,0,0,0,0,4,8,49536,87897.59431524547,4096,32,16.0,8192,Ring/LL,2.0,2113536.0,0.08317586671364526,0.04158793335682263,79.64473684210526,8.0,34.125,24.827256449465118,0.7275386505337763,39.61192220427759,1.0262645572373201
p1_l8_tp2pp2_dual_prefill_in4096_out32_c8,l8_tp2pp2,Llama-3.1-8B-Instruct,2,2,0,dual,prefill,4096,32,8,32,0,104.81672051337638,0.1925366162322461,0.2073944602161646,73.34782602265477,74.84613684937358,72.48510271705116,1024,124192,3809635540,3809635532,3720347.20703125,30424.510765397397,1056768.0,1048576,0.0,8192,False,79.42238562091504,1.82,3.12,1.71,16,0,0,0,0,0,0,4,32,148608,25635.467404177434,4096,32,16.0,65536,Ring/LL,2.0,2113536.0,0.024258368349701576,0.012129184174850788,79.42238562091504,8.0,34.125,13.6336692472812,0.3995214431437714,41.70436314230731,1.1747673298401946
p1_l8_tp4_dual_decode_in128_out1024_c1,l8_tp4,Llama-3.1-8B-Instruct,4,1,0,dual,decode,128,1024,1,8,0,35.88764948006551,0.05646806769073,0.0595837696455419,27.792104985564947,29.094218742102385,27.837777791423257,8192,976,108270445796,108270445800,13216607.152832031,11809603.59904014,3145728.0,3145728,0.0,0,False,92.95303468208093,2.513,6.252,2.49,340,0,0,0,0,0,0,4,8,13824,7832063.497974537,4096,32,16.0,8192,Ring/LL,2.0,6291456.0,2.4897459341604034,1.2448729670802017,92.95303468208093,4.0,68.25,35.98144151079575,0.5272006082167875,6.612265457453663,1.0057827869917124
p1_l8_tp4_dual_decode_in128_out1024_c32,l8_tp4,Llama-3.1-8B-Instruct,4,1,0,dual,decode,128,1024,32,64,0,909.667241878594,0.2202464779838919,0.2219831552356481,35.03826493397355,38.59189013019204,34.99798166442212,65536,7808,438680563136,438680563140,6693734.1787109375,5981137.695462478,3145728.0,3145728,0.0,0,False,92.59840425531917,18.72,51.733,2.76,185,0,0,0,0,0,0,4,64,78336,5599986.763888889,4096,32,16.0,262144,Ring/LL128,1.067,3356491.7759999996,1.7801878496452614,1.6684047325635067,92.59840425531917,4.0,68.25,28.540226003896304,0.4181718095808982,46.364540091315654,1.0043794618258604
p1_l8_tp4_dual_decode_in128_out1024_c8,l8_tp4,Llama-3.1-8B-Instruct,4,1,0,dual,decode,128,1024,8,32,0,318.5023480593178,0.163054509088397,0.1827613436616957,25.0033438205719,26.36381099000573,24.985975178025974,32768,3904,296889184480,296889184476,9060338.881835938,8095800.187609075,3145728.0,3145728,0.0,0,False,92.24659090909093,10.843,21.634,2.0,216,0,0,0,0,0,0,4,32,41472,7158786.277006173,4096,32,16.0,65536,Ring/LL,2.0,6291456.0,2.2757168696741017,1.1378584348370508,92.24659090909093,4.0,68.25,39.99465060258196,0.5860022066312376,44.657674046368484,1.0024355456021656
p1_l8_tp4_dual_prefill_in4096_out32_c1,l8_tp4,Llama-3.1-8B-Instruct,4,1,0,dual,prefill,4096,32,1,8,0,33.653420632375045,0.0725836241617798,0.0736259147524833,28.3329039812088,29.782650992274284,28.36811175051656,256,31048,13544475292,13544475296,52908106.609375,432675.5460005111,3145728.0,3145728,0.0,0,False,74.41071428571429,8.226,72.209,8.78,13,0,0,0,0,0,0,4,8,49536,273426.90754198964,4096,32,16.0,8192,Ring/LL,2.0,6291456.0,0.0869200730457273,0.04346003652286365,74.41071428571429,4.0,68.25,35.2946524882599,0.5171377653957494,39.480531602124465,1.0016339510719794
p1_l8_tp4_dual_prefill_in4096_out32_c8,l8_tp4,Llama-3.1-8B-Instruct,4,1,0,dual,prefill,4096,32,8,32,0,266.3712427817029,0.1658554770983755,0.197259843815118,25.45707207173109,26.643652003258467,25.66585209945427,1024,124192,11233165120,11233165120,10969887.8125,89710.30155890621,3145728.0,3145728,0.0,0,False,67.425,9.602,20.744,2.16,9,0,0,0,0,0,0,4,32,148608,75589.23557278208,4096,32,16.0,65536,Ring/LL,2.0,6291456.0,0.024029170854181315,0.012014585427090657,67.425,4.0,68.25,39.28181517427741,0.5755577314912441,45.52805729610783,1.002604442664218
p1_q30_pp2_dual_decode_in128_out1024_c1,q30_pp2,Qwen3-30B-A3B-Instruct-2507,1,2,0,dual,decode,128,1024,1,8,0,31.76951741003811,0.1397667470000669,0.1437707140003112,31.184912999378867,33.78333900036523,31.37102087304493,8192,968,143900572,143900576,17565.98779296875,15709.669432314411,4096.0,0,0.0,4096,True,45.31112469437653,0.003,0.008,2.98,403,0,0,0,0,0,0,2,8,13824,10409.474247685184,2048,48,6.0,4096,Ring/LL,2.0,8192.0,2.5413755487512657,1.2706877743756329,90.62224938875306,6.0,45.5,32.06678819401926,0.704764575692731,0.371548210385154,5.894081270307276
p1_q30_pp2_dual_decode_in128_out1024_c32,q30_pp2,Qwen3-30B-A3B-Instruct-2507,1,2,0,dual,decode,128,1024,32,64,0,650.0198016973604,0.2542193999997835,0.2828251179998915,49.07740499947977,56.88724199990247,49.015317218200174,65536,7744,609560696,609560700,9301.158081054688,8318.240938864628,4096.0,0,0.0,4096,True,47.37068965517241,0.021,0.054,2.56,229,0,0,0,0,0,0,2,64,78336,7781.361008986928,2048,48,6.0,131072,Ring/LL,2.0,8192.0,1.8997463400846992,0.9498731700423496,94.74137931034483,6.0,45.5,20.375975461836262,0.4478236365238739,0.3975492540614856,42.25810574052774
p1_q30_pp2_dual_decode_in128_out1024_c8,q30_pp2,Qwen3-30B-A3B-Instruct-2507,1,2,0,dual,decode,128,1024,8,32,0,173.7537300106014,0.2426191340000514,0.356524396000168,45.23069300012139,51.25402199973905,45.83134906366082,32768,3872,336599804,336599804,10272.210815429688,9186.675873362445,4096.0,0,0.0,4096,True,47.696875,0.008,0.015,1.8,315,0,0,0,0,0,0,2,32,41472,8116.314718364198,2048,48,6.0,32768,Ring/LL,2.0,8192.0,1.9815221480381342,0.9907610740190671,95.39375,6.0,45.5,22.108880799091807,0.4859094681119078,0.2814095518605828,22.25348049400756
p1_q30_pp2_dual_prefill_in4096_out32_c1,q30_pp2,Qwen3-30B-A3B-Instruct-2507,1,2,0,dual,prefill,4096,32,1,8,0,28.92523298539785,0.0781044469995322,0.0852024790001451,32.56864300055895,37.36444100013614,33.14895368145786,256,31040,28335304,28335300,110684.78125,905.3969836400818,4096.0,0,0.0,4096,True,40.90625,0.015,0.185,12.37,15,0,0,0,0,0,0,2,8,49536,572.014373385013,2048,48,6.0,4096,Ring/LL,2.0,8192.0,0.13965194662720043,0.06982597331360021,81.8125,6.0,45.5,30.704380283293897,0.674821544687778,40.975752368847004,30.47653642952042
p1_q30_pp2_dual_prefill_in4096_out32_c8,q30_pp2,Qwen3-30B-A3B-Instruct-2507,1,2,0,dual,prefill,4096,32,8,32,0,168.55904610068052,0.2420444339995811,0.2436554160003652,40.8253040004638,46.53325000072073,41.51796035484087,1024,124160,12925384,12925376,12622.4453125,103.251086400818,4096.0,0,0.0,4096,True,39.47916666666667,0.009,0.016,1.84,11,0,0,0,0,0,0,2,32,148608,86.97636735572782,2048,48,6.0,32768,Ring/LL,2.0,8192.0,0.021234464686456987,0.010617232343228493,78.95833333333334,6.0,45.5,24.494612458700598,0.5383431309604527,8.341415620611349,24.352838256639597
p1_q30_pp4_dual_decode_in128_out1024_c1,q30_pp4,Qwen3-30B-A3B-Instruct-2507,1,4,0,dual,decode,128,1024,1,8,0,31.00131127780488,0.2015798700012965,0.20264832400062,32.07511999971757,32.98606799944537,32.09231060092847,8192,968,428092128,428092120,52257.33984375,46734.94847161573,12288.0,0,0.0,12288,True,94.3424317617866,0.009,0.025,2.98,398,0,0,0,0,0,0,4,8,13824,30967.3125,2048,48,6.0,4096,Ring/LL,2.0,24576.0,2.5201263427734375,1.2600631713867188,94.3424317617866,6.0,45.5,31.176812433088486,0.6852046688590876,0.3748324005621519,6.947046703256489
p1_q30_pp4_dual_decode_in128_out1024_c32,q30_pp4,Qwen3-30B-A3B-Instruct-2507,1,4,0,dual,decode,128,1024,32,64,0,797.3823655613014,0.1842452670007333,0.1857267779996618,39.94392999993579,47.04524599947035,39.996689821740695,65536,7744,1829737868,1829737868,27919.58416748047,24969.130294759827,12288.0,0,0.0,12288,True,95.1087962962963,0.068,0.218,3.2,213,0,0,0,0,0,0,4,64,78336,23357.560610702614,2048,48,6.0,131072,Ring/LL,2.0,24576.0,1.9008431486574393,0.9504215743287197,95.1087962962963,6.0,45.5,25.035092941571033,0.5502218228916711,0.3996893832663467,43.53559446824565
p1_q30_pp4_dual_decode_in128_out1024_c8,q30_pp4,Qwen3-30B-A3B-Instruct-2507,1,4,0,dual,decode,128,1024,8,32,0,189.1231073838925,0.2683168160001514,0.3741239099999802,42.002254998806166,45.1737769999454,42.05155055657386,32768,3872,1009426312,1009426316,30805.246337890625,27549.84475982533,12288.0,0,0.0,12288,True,95.21753246753246,0.026,0.048,1.83,304,0,0,0,0,0,0,4,32,41472,24339.947723765432,2048,48,6.0,32768,Ring/LL,2.0,24576.0,1.9807900165824732,0.9903950082912366,95.21753246753246,6.0,45.5,23.808245534160562,0.5232581436079244,0.3206589685171591,23.13306753765752
p1_q30_pp4_dual_prefill_in4096_out32_c1,q30_pp4,Qwen3-30B-A3B-Instruct-2507,1,4,0,dual,prefill,4096,32,1,8,0,27.33886748417431,0.134448071999941,0.1346924570007104,33.44317699884414,34.738816000754014,33.427536004014215,256,31040,85546952,85546960,334167.78125,2733.478783231084,12288.0,0,0.0,12288,True,81.20588235294117,0.045,0.554,12.33,15,0,0,0,0,0,0,4,8,49536,1726.9652777777778,2048,48,6.0,4096,Ring/LL,2.0,24576.0,0.14054079408998843,0.07027039704499422,81.20588235294117,6.0,45.5,29.90146540307944,0.6571750638039437,40.69045499131284,30.585035270262143
p1_q30_pp4_dual_prefill_in4096_out32_c8,q30_pp4,Qwen3-30B-A3B-Instruct-2507,1,4,0,dual,prefill,4096,32,8,32,0,145.3765613989508,0.271689133000109,0.3707947060011065,45.85055200004717,52.5067129983654,47.51006401008432,1024,124160,40623168,40623168,39671.0625,324.50766871165644,12288.0,0,0.0,12288,True,82.0,0.025,0.043,1.74,13,0,0,0,0,0,0,4,32,148608,273.3578811369509,2048,48,6.0,32768,Ring/LL,2.0,24576.0,0.022245921316483633,0.011122960658241816,82.0,6.0,45.5,21.8099882417767,0.47934040091816926,5.25940271324974,24.384238373310044
p1_q30_tp1_dual_decode_in128_out1024_c1,q30_tp1,Qwen3-30B-A3B-Instruct-2507,1,1,0,dual,decode,128,1024,1,8,0,32.25662916472127,0.1359937679999348,0.14249440399999,30.913262000012764,32.61373200007256,30.899927538856343,8192,968,0,0,0.0,0.0,0.0,0,0.0,0,True,22.689526184538654,0.0,0.0,,395,0,0,0,0,0,0,1,8,13824,0.0,2048,48,6.0,4096,Ring/LL,2.0,0.0,,,90.75810473815461,6.0,45.5,32.34857583129167,0.7109577105778389,,
p1_q30_tp1_dual_decode_in128_out1024_c32,q30_tp1,Qwen3-30B-A3B-Instruct-2507,1,1,0,dual,decode,128,1024,32,64,0,679.834059416885,0.2513444629998957,0.3025854840000193,47.044976000051975,53.60478800002966,46.84654794267779,65536,7744,0,0,0.0,0.0,0.0,0,0.0,0,True,23.776666666666667,0.0,0.0,,221,0,0,0,0,0,0,1,64,78336,0.0,2048,48,6.0,131072,Ring/LL,2.0,0.0,,,95.10666666666667,6.0,45.5,21.256254865533254,0.46717043660512647,,
p1_q30_tp1_dual_decode_in128_out1024_c8,q30_tp1,Qwen3-30B-A3B-Instruct-2507,1,1,0,dual,decode,128,1024,8,32,0,199.0237866114513,0.1867358299998613,0.2443303720001495,39.780594999911045,44.18270399992252,40.039954098026655,32768,3872,0,0,0.0,0.0,0.0,0,0.0,0,True,23.757653061224488,0.0,0.0,,289,0,0,0,0,0,0,1,32,41472,0.0,2048,48,6.0,32768,Ring/LL,2.0,0.0,,,95.03061224489795,6.0,45.5,25.13788443843628,0.5524809766689293,,
p1_q30_tp1_dual_prefill_in4096_out32_c1,q30_tp1,Qwen3-30B-A3B-Instruct-2507,1,1,0,dual,prefill,4096,32,1,8,0,29.741602249222836,0.0782210229999691,0.0807745350000459,32.21123499997702,34.034311999903366,32.18002156451542,256,31040,0,0,0.0,0.0,0.0,0,0.0,0,True,20.73333333333333,0.0,0.0,,14,0,0,0,0,0,0,1,8,49536,0.0,2048,48,6.0,4096,Ring/LL,2.0,0.0,,,82.93333333333332,6.0,45.5,31.045068591772818,0.6823091998191828,,
p1_q30_tp1_dual_prefill_in4096_out32_c8,q30_tp1,Qwen3-30B-A3B-Instruct-2507,1,1,0,dual,prefill,4096,32,8,32,0,166.97963112112552,0.2418880340001123,0.2465062580001813,41.5613590000703,46.84011100016505,41.95458551411281,1024,124160,0,0,0.0,0.0,0.0,0,0.0,0,True,20.0,0.0,0.0,,11,0,0,0,0,0,0,1,32,148608,0.0,2048,48,6.0,32768,Ring/LL,2.0,0.0,,,80.0,6.0,45.5,24.060810908476515,0.5288090309555278,,
p1_q30_tp2_dual_decode_in128_out1024_c1,q30_tp2,Qwen3-30B-A3B-Instruct-2507,2,1,0,dual,decode,128,1024,1,8,0,49.32124886856476,0.0843077770000491,0.0961052710003969,20.10660799987818,21.45867699982773,20.210620019550426,8192,968,27595590364,27595590360,3368602.3393554688,3012619.035371179,786432.0,786432,0.0,0,True,44.58828996282528,0.824,1.201,1.46,265,0,0,0,0,0,0,2,8,13824,1996208.7936921297,2048,48,6.0,4096,Ring/LL,2.0,1572864.0,2.538310742304649,1.2691553711523245,89.17657992565056,3.0,91.0,49.73489312598419,0.5465372870987274,7.669339818730467,1.000000476308097
p1_q30_tp2_dual_decode_in128_out1024_c32,q30_tp2,Qwen3-30B-A3B-Instruct-2507,2,1,0,dual,decode,128,1024,32,64,0,886.0383159705915,0.2284685169997828,0.2980744880001111,35.98451399966507,40.81766599983894,35.8953800747037,65536,7744,99724118712,99724118708,1521669.2918701172,1360864.0653930132,786432.0,786432,0.0,0,True,45.88364779874214,5.051,11.93,2.36,156,0,0,0,0,0,0,2,64,78336,1273030.5186887255,2048,48,6.0,131072,Ring/LL,2.0,1572864.0,1.6187420128996857,0.8093710064498428,91.76729559748428,3.0,91.0,27.78973199441592,0.3053816702683068,45.981772831131764,1.000014793240901
p1_q30_tp2_dual_decode_in128_out1024_c8,q30_tp2,Qwen3-30B-A3B-Instruct-2507,2,1,0,dual,decode,128,1024,8,32,0,305.8752699374492,0.1760784019998027,0.194375293000121,25.98995499965895,28.325034999852505,26.006505750794265,32768,3872,76605676224,76605676224,2337819.708984375,2090766.272489083,786432.0,786432,0.0,0,True,46.09974093264249,3.188,5.335,1.67,190,0,0,0,0,0,0,2,32,41472,1847166.1898148148,2048,48,6.0,32768,Ring/LL,2.0,1572864.0,2.3487932711471746,1.1743966355735873,92.19948186528498,3.0,91.0,38.476403672615916,0.4228176227759991,44.73971910878122,1.0000095696760847
p1_q30_tp2_dual_prefill_in4096_out32_c1,q30_tp2,Qwen3-30B-A3B-Instruct-2507,2,1,0,dual,prefill,4096,32,1,8,0,45.32735597618407,0.0662817140000697,0.0761563870000827,20.627457999580656,21.73522100019909,20.615529923387136,256,31040,3232408328,3232408328,12626595.03125,103285.03093047034,786432.0,786432,0.0,0,True,36.18181818181818,2.56,18.215,7.12,10,0,0,0,0,0,0,2,8,49536,65253.72109173127,2048,48,6.0,4096,Ring/LL,2.0,1572864.0,0.08297439714016122,0.04148719857008061,72.36363636363636,3.0,91.0,48.47907095582642,0.53273704347062,39.0414802816954,1.000136348505493
p1_q30_tp2_dual_prefill_in4096_out32_c8,q30_tp2,Qwen3-30B-A3B-Instruct-2507,2,1,0,dual,prefill,4096,32,8,32,0,247.6477296484132,0.1781168849997811,0.1852356770000369,26.70302900014576,31.971764999980223,27.55247412802564,1024,124160,2712965240,2712965236,2649380.1171875,21671.82099948875,786432.0,786432,0.0,0,True,35.888888888888886,2.651,4.766,1.8,8,0,0,0,0,0,0,2,32,148608,18255.84921403962,2048,48,6.0,32768,Ring/LL,2.0,1572864.0,0.023213512692819748,0.011606756346409874,71.77777777777777,3.0,91.0,37.448935100004626,0.41152675934071015,45.327988205259864,1.0000068589392674
p1_q30_tp2_ep_dual_decode_in128_out1024_c1,q30_tp2_ep,Qwen3-30B-A3B-Instruct-2507,2,1,1,dual,decode,128,1024,1,8,0,44.649780435118,0.1172252500000468,0.123681456999293,22.209381000720896,24.10239399978309,22.307825855449632,8192,968,27417624416,27417624416,3346877.98046875,2993190.4384279475,1966080.0,393216,1572864.0,0,True,45.85971223021583,0.793,1.463,1.84,273,0,0,0,0,0,0,2,8,13824,1983335.099537037,2048,48,6.0,4096,Ring/LL,2.0,3932160.0,1.008776397469603,0.5043881987348015,91.71942446043165,3.0,91.0,45.02601850846455,0.49479141218092915,7.665537116240873,1.0000000496031316
p1_q30_tp2_ep_dual_decode_in128_out1024_c32,q30_tp2_ep,Qwen3-30B-A3B-Instruct-2507,2,1,1,dual,decode,128,1024,32,64,0,846.9146833986244,0.2627382569999099,0.3140960270002324,37.641323999196175,42.50353800034645,37.541764634744574,65536,7744,99451954064,99451954060,1517516.3889160156,1357150.0281659388,1966080.0,393216,1572864.0,0,True,45.79239766081872,4.675,10.892,2.33,168,0,0,0,0,0,0,2,64,78336,1269556.1946486929,2048,48,6.0,131072,Ring/LL,2.0,3932160.0,0.6457296725711532,0.3228648362855766,91.58479532163744,3.0,91.0,26.566546915867118,0.29194007599853977,45.99280346624925,1.000025621544261
p1_q30_tp2_ep_dual_decode_in128_out1024_c8,q30_tp2_ep,Qwen3-30B-A3B-Instruct-2507,2,1,1,dual,decode,128,1024,8,32,0,280.4057777596315,0.1788611419997323,0.21516006299953,28.352849999464524,31.189774999802463,28.37479535994008,32768,3872,76385175468,76385175472,2331090.5599365234,2084748.2387554585,1966080.0,393216,1572864.0,0,True,46.05094786729858,2.909,4.915,1.69,207,0,0,0,0,0,0,2,32,41472,1841849.3313078703,2048,48,6.0,32768,Ring/LL,2.0,3932160.0,0.9368130143777823,0.46840650718889115,92.10189573459716,3.0,91.0,35.26982296378975,0.3875804721295577,44.76313908099119,1.0000095014699317
p1_q30_tp2_ep_dual_prefill_in4096_out32_c1,q30_tp2_ep,Qwen3-30B-A3B-Instruct-2507,2,1,1,dual,prefill,4096,32,1,8,0,40.294566090536726,0.077113871999245,0.0896842010006366,23.078473000168746,24.52979099962249,23.113050762093177,256,31040,3225175772,3225175780,12598342.859375,103053.9293200409,1966080.0,393216,1572864.0,0,True,36.875,2.319,18.084,7.8,11,0,0,0,0,0,0,2,8,49536,65107.71503552971,2048,48,6.0,4096,Ring/LL,2.0,3932160.0,0.03311549633561692,0.01655774816780846,73.75,3.0,91.0,43.33042311736518,0.47615849579522174,39.086182246069534,1.000062596997129
p1_q30_tp2_ep_dual_prefill_in4096_out32_c8,q30_tp2_ep,Qwen3-30B-A3B-Instruct-2507,2,1,1,dual,prefill,4096,32,8,32,0,233.93591015680747,0.1983642810000674,0.2028089729992643,28.618995000215364,35.141231999659794,29.16834463306189,1024,124160,2699746168,2699746164,2636470.8671875,21566.22386247444,1966080.0,393216,1572864.0,0,True,31.8,2.373,4.405,1.86,9,0,0,0,0,0,0,2,32,148608,18166.89658699397,2048,48,6.0,32768,Ring/LL,2.0,3932160.0,0.009240161431373073,0.0046200807156865364,63.6,3.0,91.0,34.941827970984825,0.3839761315492838,45.36852488274372,1.0000004148539021
p1_q30_tp2pp2_dual_decode_in128_out1024_c1,q30_tp2pp2,Qwen3-30B-A3B-Instruct-2507,2,2,0,dual,decode,128,1024,1,8,0,47.02347300958648,0.0866426769998724,0.0896247339996989,21.13834700048756,22.209998999642263,21.20194977700381,8192,968,28050847956,28050847964,3424175.7758789062,3062319.6458515283,790528.0,786432,0.0,4096,True,87.9290780141844,0.798,1.0,1.25,278,0,0,0,0,0,0,4,8,13824,2029141.2005208333,2048,48,6.0,4096,Ring/LL,2.0,1581056.0,2.566817621287081,1.2834088106435404,87.9290780141844,3.0,91.0,47.30738879331174,0.519861415311118,7.553155025200622,1.3217394257601343
p1_q30_tp2pp2_dual_decode_in128_out1024_c32,q30_tp2pp2,Qwen3-30B-A3B-Instruct-2507,2,2,0,dual,decode,128,1024,32,64,0,864.8868633014982,0.2339866290003556,0.2792594330003339,36.82972500064352,41.58350699981384,36.78618403170818,65536,7744,101477843124,101477843120,1548429.002746582,1384795.8941593887,790528.0,786432,0.0,4096,True,92.49912232076866,4.958,11.531,2.33,162,0,0,0,0,0,0,4,64,78336,1295417.7277879901,2048,48,6.0,131072,Ring/LL,2.0,1581056.0,1.6386740606126413,0.8193370303063207,92.49912232076866,3.0,91.0,27.151981177772225,0.29837341953595853,45.70789761792848,1.5400535897467995
p1_q30_tp2pp2_dual_decode_in128_out1024_c8,q30_tp2pp2,Qwen3-30B-A3B-Instruct-2507,2,2,0,dual,decode,128,1024,8,32,0,295.4560634239269,0.1794462529996963,0.1877233870000054,26.876911000726977,29.17103099935048,26.93019648900301,32768,3872,77381310240,77381310240,2361490.1806640625,2111935.323144105,790528.0,786432,0.0,4096,True,93.065,3.107,5.137,1.65,197,0,0,0,0,0,0,4,32,41472,1865868.7847222222,2048,48,6.0,32768,Ring/LL,2.0,1581056.0,2.360281716425253,1.1801408582126265,93.065,3.0,91.0,37.20665667170426,0.40886435902971713,44.505033255689156,1.351888421216536
p1_q30_tp2pp2_dual_prefill_in4096_out32_c1,q30_tp2pp2,Qwen3-30B-A3B-Instruct-2507,2,2,0,dual,prefill,4096,32,1,8,0,43.35649600613132,0.0699636870012909,0.0728070129989646,21.56565299992508,22.50653699957184,21.546495955648897,256,31040,3292190804,3292190800,12860120.328125,105195.25830777096,790528.0,786432,0.0,4096,True,69.97727272727273,2.584,18.579,7.19,10,0,0,0,0,0,0,4,8,49536,66460.57017118864,2048,48,6.0,4096,Ring/LL,2.0,1581056.0,0.08407111471217799,0.04203555735608899,69.97727272727273,3.0,91.0,46.37003108616623,0.5095607811666618,39.047311669727875,1.0612870189072658
p1_q30_tp2pp2_dual_prefill_in4096_out32_c8,q30_tp2pp2,Qwen3-30B-A3B-Instruct-2507,2,2,0,dual,prefill,4096,32,8,32,0,230.4344477205485,0.1901185200003965,0.212304832000882,28.54197300075612,32.61192900026799,29.644960545360554,1024,124160,2765902164,2765902168,2701076.33203125,22094.69392254601,790528.0,786432,0.0,4096,True,66.33333333333333,2.442,4.647,1.9,8,0,0,0,0,0,0,4,32,148608,18612.06774870801,2048,48,6.0,32768,Ring/LL,2.0,1581056.0,0.023543843796434802,0.011771921898217401,66.33333333333333,3.0,91.0,35.036120312127984,0.38501231112228557,45.126100996824704,1.2963037527163823
p1_q30_tp2pp2_ep_dual_decode_in128_out1024_c1,q30_tp2pp2_ep,Qwen3-30B-A3B-Instruct-2507,2,2,1,dual,decode,128,1024,1,8,0,42.11082152444198,0.1066020329999446,0.1114653059994452,23.558884999147267,25.13895700030844,23.665326970429987,8192,968,28075569612,28075569604,3427193.556152344,3065018.5165938865,1970176.0,393216,1572864.0,4096,True,92.50929054054056,0.761,0.924,1.21,292,0,0,0,0,0,0,4,8,13824,2030929.5147569445,2048,48,6.0,4096,Ring/LL,2.0,3940352.0,1.0308365926480398,0.5154182963240199,92.50929054054056,3.0,91.0,42.44683057097973,0.4664486875931838,7.530928081673857,1.3157616786640847
p1_q30_tp2pp2_ep_dual_decode_in128_out1024_c32,q30_tp2pp2_ep,Qwen3-30B-A3B-Instruct-2507,2,2,1,dual,decode,128,1024,32,64,0,810.4768313900666,0.2469994370003405,0.264750787999219,39.307536999331205,44.59847799989802,39.27206168345244,65536,7744,101505573544,101505573536,1548852.1353759766,1385174.3114628822,1970176.0,393216,1572864.0,4096,True,93.01527777777778,4.538,10.882,2.4,177,0,0,0,0,0,0,4,64,78336,1295771.7210988563,2048,48,6.0,131072,Ring/LL,2.0,3940352.0,0.6576933842960508,0.3288466921480254,93.01527777777778,3.0,91.0,25.440413628994726,0.279564984934008,45.694606674868325,1.5386856523164163
p1_q30_tp2pp2_ep_dual_decode_in128_out1024_c8,q30_tp2pp2_ep,Qwen3-30B-A3B-Instruct-2507,2,2,1,dual,decode,128,1024,8,32,0,266.19598006552644,0.1824170449999655,0.1980282139993505,29.82770000016899,32.620256999507546,29.904223362475527,32768,3872,77488002536,77488002544,2364746.171142578,2114847.230786026,1970176.0,393216,1572864.0,4096,True,92.99722255888176,2.798,4.664,1.67,219,0,0,0,0,0,0,4,32,41472,1868441.4191743827,2048,48,6.0,32768,Ring/LL,2.0,3940352.0,0.9483626940813322,0.4741813470406661,92.99722255888176,3.0,91.0,33.525883658288585,0.3684163039372372,44.50727606248126,1.3480004018256757
p1_q30_tp2pp2_ep_dual_prefill_in4096_out32_c1,q30_tp2pp2_ep,Qwen3-30B-A3B-Instruct-2507,2,2,1,dual,prefill,4096,32,1,8,0,38.835104970440526,0.0780118160000711,0.0806614760003867,24.005567000131123,25.50010199956887,24.088750858863342,256,31040,3293191432,3293191432,12864029.03125,105227.2313394683,1970176.0,393216,1572864.0,4096,True,73.52083333333333,2.352,18.583,7.9,11,0,0,0,0,0,0,4,8,49536,66480.77018733851,2048,48,6.0,4096,Ring/LL,2.0,3940352.0,0.03374356919754302,0.01687178459877151,73.52083333333333,3.0,91.0,41.65700397722486,0.4577692744749985,39.04257856091738,1.0606810067828136
p1_q30_tp2pp2_ep_dual_prefill_in4096_out32_c8,q30_tp2pp2_ep,Qwen3-30B-A3B-Instruct-2507,2,2,1,dual,prefill,4096,32,8,32,0,227.2160285123842,0.198687139998583,0.2043296780011587,29.834441000275547,32.721350000429084,30.16138301612984,1024,124160,2741176164,2741176164,2676929.84765625,21897.176667944783,1970176.0,393216,1572864.0,4096,True,69.15,2.408,4.286,1.78,9,0,0,0,0,0,0,4,32,148608,18445.68370478036,2048,48,6.0,32768,Ring/LL,2.0,3940352.0,0.009362454778040317,0.004681227389020159,69.15,3.0,91.0,33.518308588076586,0.368333061407435,45.11909917512328,1.298352707022503
p1_q30_tp4_dual_decode_in128_out1024_c1,q30_tp4,Qwen3-30B-A3B-Instruct-2507,4,1,0,dual,decode,128,1024,1,8,0,64.6301137693253,0.0678848839997954,0.0799021420007193,15.1131919992622,20.10192000125244,15.420826416911169,8192,968,96682243828,96682243832,11802031.717285156,10554830.112227077,2359296.0,2359296,0.0,0,True,89.18205128205128,3.984,7.061,1.77,192,0,0,0,0,0,0,4,8,13824,6993796.573206019,2048,48,6.0,4096,Ring/LL,2.0,4718592.0,2.9643574071273884,1.4821787035636942,89.18205128205128,1.5,182.0,66.16735895691778,0.3635569173457021,8.175342295594204,1.0021469596268249
p1_q30_tp4_dual_decode_in128_out1024_c32,q30_tp4,Qwen3-30B-A3B-Instruct-2507,4,1,0,dual,decode,128,1024,32,64,0,1192.006859732454,0.2453538810004829,0.253023798999493,26.281346999894595,31.112344999201014,26.63035653873417,65536,7744,435569899552,435569899560,6646269.219238281,5943912.384716157,2359296.0,2359296,0.0,0,True,90.42768595041322,28.946,63.968,2.21,119,0,0,0,0,0,0,4,64,78336,5560277.516748366,2048,48,6.0,131072,Ring/LL,2.0,4718592.0,2.3567528265840174,1.1783764132920087,90.42768595041322,1.5,182.0,38.04980011123519,0.20906483577601753,46.820584044433794,1.0023308750706894
p1_q30_tp4_dual_decode_in128_out1024_c8,q30_tp4,Qwen3-30B-A3B-Instruct-2507,4,1,0,dual,decode,128,1024,8,32,0,400.14524428800536,0.1515578309990815,0.1624024220000137,19.176648998836757,25.62048800064076,19.86736337105936,32768,3872,240523141492,240523141484,7340183.761352539,6564496.219759826,2359296.0,2359296,0.0,0,True,90.35204081632654,13.121,21.807,1.66,145,0,0,0,0,0,0,4,32,41472,5799651.366994599,2048,48,6.0,32768,Ring/LL,2.0,4718592.0,2.4582126901391765,1.2291063450695883,90.35204081632654,1.5,182.0,52.14675411020243,0.2865206269791342,44.230545330515916,1.0003124379368176
p1_q30_tp4_dual_prefill_in4096_out32_c1,q30_tp4,Qwen3-30B-A3B-Instruct-2507,4,1,0,dual,prefill,4096,32,1,8,0,59.01787960171124,0.0638562650001404,0.0731524490001902,15.399219999380875,16.352022999853943,15.391312786299926,256,31040,10544083624,10544083616,41187826.65625,336914.7374744376,2359296.0,2359296,0.0,0,True,69.33333333333333,10.362,57.837,5.58,8,0,0,0,0,0,0,4,8,49536,212856.98530361758,2048,48,6.0,4096,Ring/LL,2.0,4718592.0,0.09022055108965453,0.045110275544827265,69.33333333333333,1.5,182.0,64.93835402313915,0.3568041429842811,38.3691425093728,1.0014586947872115
p1_q30_tp4_dual_prefill_in4096_out32_c8,q30_tp4,Qwen3-30B-A3B-Instruct-2507,4,1,0,dual,prefill,4096,32,8,32,0,306.7866961347607,0.1632535180015111,0.2057414320006501,20.39920999959577,23.67319199947815,21.29434637096357,1024,124160,8712180412,8712180416,8507988.68359375,69594.99945679959,2359296.0,2359296,0.0,0,True,59.0,9.851,18.74,1.9,7,0,0,0,0,0,0,4,32,148608,58625.2450204565,2048,48,6.0,32768,Ring/LL,2.0,4718592.0,0.024848617986236787,0.012424308993118393,59.0,1.5,182.0,49.02150622596738,0.2693489353075131,44.985840589362674,1.0005631530051973
p1_q30_tp4_ep_dual_decode_in128_out1024_c1,q30_tp4_ep,Qwen3-30B-A3B-Instruct-2507,4,1,1,dual,decode,128,1024,1,8,0,55.14396367929558,0.0783312120001937,0.0870569070011697,18.05206800054293,19.159192999723015,18.07484746994146,8192,968,96359280664,96359280668,11762607.502929688,10519572.12489083,3538944.0,1179648,2359296.0,0,True,90.1068281938326,3.416,4.441,1.3,223,0,0,0,0,0,0,4,8,13824,6970434.075810186,2048,48,6.0,4096,Ring/LL,2.0,7077888.0,1.9696367266083288,0.9848183633041644,90.1068281938326,1.5,182.0,55.3953153716197,0.3043698646792291,8.197504785806379,1.0025743995158543
p1_q30_tp4_ep_dual_decode_in128_out1024_c32,q30_tp4_ep,Qwen3-30B-A3B-Instruct-2507,4,1,1,dual,decode,128,1024,32,64,0,1063.3392441816266,0.2521395910007413,0.2712069820008764,29.817683998771827,32.58024299975659,29.8707045019701,65536,7744,435991387896,435991387900,6652700.62097168,5949664.136135371,3538944.0,1179648,2359296.0,0,True,91.15398550724638,25.38,56.22,2.22,135,0,0,0,0,0,0,4,64,78336,5565658.035845588,2048,48,6.0,131072,Ring/LL,2.0,7077888.0,1.5726889252402942,0.7863444626201471,91.15398550724638,1.5,182.0,33.53714527396526,0.1842700289778311,46.833860932296034,1.0017397746815282
p1_q30_tp4_ep_dual_decode_in128_out1024_c8,q30_tp4_ep,Qwen3-30B-A3B-Instruct-2507,4,1,1,dual,decode,128,1024,8,32,0,352.6870577416035,0.1541080329989199,0.1979335630003333,22.426751998864347,24.3582820003212,22.547023285709894,32768,3872,240080495312,240080495312,7326675.271972656,6552415.265065502,3538944.0,1179648,2359296.0,0,True,90.83529411764708,11.372,18.583,1.63,167,0,0,0,0,0,0,4,32,41472,5788977.992669753,2048,48,6.0,32768,Ring/LL,2.0,7077888.0,1.6357924829185635,0.8178962414592817,90.83529411764708,1.5,182.0,44.589604417556245,0.24499782647008925,44.24501833435304,1.00032827049684
p1_q30_tp4_ep_dual_prefill_in4096_out32_c1,q30_tp4_ep,Qwen3-30B-A3B-Instruct-2507,4,1,1,dual,prefill,4096,32,1,8,0,50.06995602139804,0.0726968260005378,0.0761369390002073,18.342074999964098,19.2996799996763,18.32676396773628,256,31040,10533295600,10533295600,41145685.9375,336570.0281186094,3538944.0,1179648,2359296.0,0,True,66.575,9.187,58.006,6.31,9,0,0,0,0,0,0,4,8,49536,212639.20381136952,2048,48,6.0,4096,Ring/LL,2.0,7077888.0,0.060085495506956174,0.030042747753478087,66.575,1.5,182.0,54.51945867640152,0.2995574652549534,38.40822931049234,1.0008904967881853
p1_q30_tp4_ep_dual_prefill_in4096_out32_c8,q30_tp4_ep,Qwen3-30B-A3B-Instruct-2507,4,1,1,dual,prefill,4096,32,8,32,0,282.3504050573398,0.1916757060007512,0.2117117899997538,22.906881999006146,25.416877999305143,23.23003888810791,1024,124160,8632371916,8632371912,8430050.69921875,68957.46993225972,3538944.0,1179648,2359296.0,0,True,60.625,8.974,16.811,1.87,7,0,0,0,0,0,0,4,32,148608,58088.2046457795,2048,48,6.0,32768,Ring/LL,2.0,7077888.0,0.016413993735357072,0.008206996867678536,60.625,1.5,182.0,43.655002895784186,0.23986265327353948,44.99655966861843,1.0006568477842075
p1_q30_tp4_tcp_decode_in128_out1024_c1,q30_tp4,Qwen3-30B-A3B-Instruct-2507,4,1,0,tcp,decode,128,1024,1,8,0,11.53700887923564,0.1429641709983116,0.1543513799988431,84.62789899203926,136.92521798657253,86.62625704092905,8192,968,0,0,0.0,0.0,2359296.0,2359296,0.0,0,True,95.4617278424351,0.0,0.0,,1105,0,0,0,0,0,0,4,8,13824,0.0,2048,48,6.0,4096,Ring/LL,2.0,4718592.0,0.0,0.0,95.4617278424351,1.5,182.0,11.81643420090185,0.06492546264231785,,
p1_q30_tp4_tcp_decode_in128_out1024_c32,q30_tp4,Qwen3-30B-A3B-Instruct-2507,4,1,0,tcp,decode,128,1024,32,64,0,174.86491210335336,0.9228644050017464,0.9822476639965316,185.8525610005017,208.94749299623072,182.25873538424085,65536,7744,0,0,0.0,0.0,2359296.0,2359296,0.0,0,True,95.58461002785516,0.0,0.0,,710,0,0,0,0,0,0,4,64,78336,0.0,2048,48,6.0,131072,Ring/LL,2.0,4718592.0,0.0,0.0,95.58461002785516,1.5,182.0,5.380609202352076,0.02956378682611031,,
p1_q30_tp4_tcp_decode_in128_out1024_c8,q30_tp4,Qwen3-30B-A3B-Instruct-2507,4,1,0,tcp,decode,128,1024,8,32,0,66.00811079754689,0.4238111140002729,0.4908704780100379,120.6405220000306,157.93986100470647,120.9029458679144,32768,3872,0,0,0.0,0.0,2359296.0,2359296,0.0,0,True,95.51802884615384,0.0,0.0,,823,0,0,0,0,0,0,4,32,41472,0.0,2048,48,6.0,32768,Ring/LL,2.0,4718592.0,0.0,0.0,95.51802884615384,1.5,182.0,8.289088802183286,0.045544443968040034,,
p1_q30_tp4_tcp_prefill_in4096_out32_c1,q30_tp4,Qwen3-30B-A3B-Instruct-2507,4,1,0,tcp,prefill,4096,32,1,8,0,11.724354436237084,0.1304373149905586,0.1412338669906603,78.62827900680713,139.00473499961663,83.89361732253982,256,31040,0,0,0.0,0.0,2359296.0,2359296,0.0,0,True,89.7875,0.0,0.0,,39,0,0,0,0,0,0,4,8,49536,0.0,2048,48,6.0,4096,Ring/LL,2.0,4718592.0,0.0,0.0,89.7875,1.5,182.0,12.718070554659175,0.06987950854208337,,
p1_q30_tp4_tcp_prefill_in4096_out32_c8,q30_tp4,Qwen3-30B-A3B-Instruct-2507,4,1,0,tcp,prefill,4096,32,8,32,0,73.84351299803163,0.3915142170008039,0.4013434840016998,94.71927399863488,148.61974499945063,99.60624568146804,1024,124160,0,0,0.0,0.0,2359296.0,2359296,0.0,0,True,86.47321428571428,0.0,0.0,,27,0,0,0,0,0,0,4,32,148608,0.0,2048,48,6.0,32768,Ring/LL,2.0,4718592.0,0.0,0.0,86.47321428571428,1.5,182.0,10.557513352714384,0.05800831512480431,,
