run,host,dev,tx_bytes,rx_bytes
p1_l70_pp2_dual_decode_in128_out1024_c1,edgexpert-7afa,roceP2p1s0f0,0,0
p1_l70_pp2_dual_decode_in128_out1024_c1,edgexpert-7afa,rocep1s0f0,0,0
p1_l70_pp2_dual_decode_in128_out1024_c1,edgexpert-7d4c,roceP2p1s0f0,0,0
p1_l70_pp2_dual_decode_in128_out1024_c1,edgexpert-7d4c,rocep1s0f0,0,0
p1_l70_pp2_dual_decode_in128_out1024_c1,edgexpert-8277,roceP2p1s0f0,5099356,51692
p1_l70_pp2_dual_decode_in128_out1024_c1,edgexpert-8277,rocep1s0f0,440226668,29038704
p1_l70_pp2_dual_decode_in128_out1024_c1,edgexpert-82e3,roceP2p1s0f0,51692,5099356
p1_l70_pp2_dual_decode_in128_out1024_c1,edgexpert-82e3,rocep1s0f0,29038704,440226672
p1_l70_pp2_dual_decode_in128_out1024_c32,edgexpert-7afa,roceP2p1s0f0,0,0
p1_l70_pp2_dual_decode_in128_out1024_c32,edgexpert-7afa,rocep1s0f0,0,0
p1_l70_pp2_dual_decode_in128_out1024_c32,edgexpert-7d4c,roceP2p1s0f0,0,0
p1_l70_pp2_dual_decode_in128_out1024_c32,edgexpert-7d4c,rocep1s0f0,0,0
p1_l70_pp2_dual_decode_in128_out1024_c32,edgexpert-8277,roceP2p1s0f0,1105736188,6595912
p1_l70_pp2_dual_decode_in128_out1024_c32,edgexpert-8277,rocep1s0f0,1325513948,25089464
p1_l70_pp2_dual_decode_in128_out1024_c32,edgexpert-82e3,roceP2p1s0f0,6595908,1105736188
p1_l70_pp2_dual_decode_in128_out1024_c32,edgexpert-82e3,rocep1s0f0,25089464,1325513948
p1_l70_pp2_dual_decode_in128_out1024_c8,edgexpert-7afa,roceP2p1s0f0,0,0
p1_l70_pp2_dual_decode_in128_out1024_c8,edgexpert-7afa,rocep1s0f0,0,0
p1_l70_pp2_dual_decode_in128_out1024_c8,edgexpert-7d4c,roceP2p1s0f0,0,0
p1_l70_pp2_dual_decode_in128_out1024_c8,edgexpert-7d4c,rocep1s0f0,0,0
p1_l70_pp2_dual_decode_in128_out1024_c8,edgexpert-8277,roceP2p1s0f0,7540544,104188
p1_l70_pp2_dual_decode_in128_out1024_c8,edgexpert-8277,rocep1s0f0,1704641168,35151200
p1_l70_pp2_dual_decode_in128_out1024_c8,edgexpert-82e3,roceP2p1s0f0,104192,7540544
p1_l70_pp2_dual_decode_in128_out1024_c8,edgexpert-82e3,rocep1s0f0,35151200,1704641168
p1_l70_pp2_dual_prefill_in4096_out32_c1,edgexpert-7afa,roceP2p1s0f0,0,0
p1_l70_pp2_dual_prefill_in4096_out32_c1,edgexpert-7afa,rocep1s0f0,0,0
p1_l70_pp2_dual_prefill_in4096_out32_c1,edgexpert-7d4c,roceP2p1s0f0,0,0
p1_l70_pp2_dual_prefill_in4096_out32_c1,edgexpert-7d4c,rocep1s0f0,0,0
p1_l70_pp2_dual_prefill_in4096_out32_c1,edgexpert-8277,roceP2p1s0f0,48725772,213388
p1_l70_pp2_dual_prefill_in4096_out32_c1,edgexpert-8277,rocep1s0f0,61970104,1149420
p1_l70_pp2_dual_prefill_in4096_out32_c1,edgexpert-82e3,roceP2p1s0f0,213392,48725772
p1_l70_pp2_dual_prefill_in4096_out32_c1,edgexpert-82e3,rocep1s0f0,1149420,61970104
p1_l70_pp2_dual_prefill_in4096_out32_c8,edgexpert-7afa,roceP2p1s0f0,0,0
p1_l70_pp2_dual_prefill_in4096_out32_c8,edgexpert-7afa,rocep1s0f0,0,0
p1_l70_pp2_dual_prefill_in4096_out32_c8,edgexpert-7d4c,roceP2p1s0f0,0,0
p1_l70_pp2_dual_prefill_in4096_out32_c8,edgexpert-7d4c,rocep1s0f0,0,0
p1_l70_pp2_dual_prefill_in4096_out32_c8,edgexpert-8277,roceP2p1s0f0,6430632,55752
p1_l70_pp2_dual_prefill_in4096_out32_c8,edgexpert-8277,rocep1s0f0,48603856,1129132
p1_l70_pp2_dual_prefill_in4096_out32_c8,edgexpert-82e3,roceP2p1s0f0,55748,6430632
p1_l70_pp2_dual_prefill_in4096_out32_c8,edgexpert-82e3,rocep1s0f0,1129132,48603852
p1_l70_pp4_dual_decode_in128_out1024_c1,edgexpert-7afa,roceP2p1s0f0,5085836,38172
p1_l70_pp4_dual_decode_in128_out1024_c1,edgexpert-7afa,rocep1s0f0,451656556,41549996
p1_l70_pp4_dual_decode_in128_out1024_c1,edgexpert-7d4c,roceP2p1s0f0,5130244,5130244
p1_l70_pp4_dual_decode_in128_out1024_c1,edgexpert-7d4c,rocep1s0f0,467469356,467469356
p1_l70_pp4_dual_decode_in128_out1024_c1,edgexpert-8277,roceP2p1s0f0,5128816,5128752
p1_l70_pp4_dual_decode_in128_out1024_c1,edgexpert-8277,rocep1s0f0,456332492,455251148
p1_l70_pp4_dual_decode_in128_out1024_c1,edgexpert-82e3,roceP2p1s0f0,36680,5084404
p1_l70_pp4_dual_decode_in128_out1024_c1,edgexpert-82e3,rocep1s0f0,29331788,440519688
p1_l70_pp4_dual_decode_in128_out1024_c32,edgexpert-7afa,roceP2p1s0f0,1105352572,6212540
p1_l70_pp4_dual_decode_in128_out1024_c32,edgexpert-7afa,rocep1s0f0,1335335648,33666104
p1_l70_pp4_dual_decode_in128_out1024_c32,edgexpert-7d4c,roceP2p1s0f0,1111555100,1111555104
p1_l70_pp4_dual_decode_in128_out1024_c32,edgexpert-7d4c,rocep1s0f0,1348978152,1348977968
p1_l70_pp4_dual_decode_in128_out1024_c32,edgexpert-8277,roceP2p1s0f0,1111576932,1111576684
p1_l70_pp4_dual_decode_in128_out1024_c32,edgexpert-8277,rocep1s0f0,1339491216,1340736460
p1_l70_pp4_dual_decode_in128_out1024_c32,edgexpert-82e3,roceP2p1s0f0,6234120,1105374400
p1_l70_pp4_dual_decode_in128_out1024_c32,edgexpert-82e3,rocep1s0f0,25424412,1325848896
p1_l70_pp4_dual_decode_in128_out1024_c8,edgexpert-7afa,roceP2p1s0f0,6990948,85364
p1_l70_pp4_dual_decode_in128_out1024_c8,edgexpert-7afa,rocep1s0f0,1411936820,49040892
p1_l70_pp4_dual_decode_in128_out1024_c8,edgexpert-7d4c,roceP2p1s0f0,7070592,7070528
p1_l70_pp4_dual_decode_in128_out1024_c8,edgexpert-7d4c,rocep1s0f0,1433237408,1433237220
p1_l70_pp4_dual_decode_in128_out1024_c8,edgexpert-8277,roceP2p1s0f0,7071308,7071308
p1_l70_pp4_dual_decode_in128_out1024_c8,edgexpert-8277,rocep1s0f0,1420780976,1420486004
p1_l70_pp4_dual_decode_in128_out1024_c8,edgexpert-82e3,roceP2p1s0f0,86080,6991728
p1_l70_pp4_dual_decode_in128_out1024_c8,edgexpert-82e3,rocep1s0f0,36289488,1399480580
p1_l70_pp4_dual_prefill_in4096_out32_c1,edgexpert-7afa,roceP2p1s0f0,48762172,249788
p1_l70_pp4_dual_prefill_in4096_out32_c1,edgexpert-7afa,rocep1s0f0,62326908,1540140
p1_l70_pp4_dual_prefill_in4096_out32_c1,edgexpert-7d4c,roceP2p1s0f0,48907320,48907440
p1_l70_pp4_dual_prefill_in4096_out32_c1,edgexpert-7d4c,rocep1s0f0,63063684,63063500
p1_l70_pp4_dual_prefill_in4096_out32_c1,edgexpert-8277,roceP2p1s0f0,48799472,48799348
p1_l70_pp4_dual_prefill_in4096_out32_c1,edgexpert-8277,rocep1s0f0,62722884,62689216
p1_l70_pp4_dual_prefill_in4096_out32_c1,edgexpert-82e3,roceP2p1s0f0,141824,48654204
p1_l70_pp4_dual_prefill_in4096_out32_c1,edgexpert-82e3,rocep1s0f0,1165668,61986292
p1_l70_pp4_dual_prefill_in4096_out32_c8,edgexpert-7afa,roceP2p1s0f0,6411328,36512
p1_l70_pp4_dual_prefill_in4096_out32_c8,edgexpert-7afa,rocep1s0f0,49027216,1561712
p1_l70_pp4_dual_prefill_in4096_out32_c8,edgexpert-7d4c,roceP2p1s0f0,6489760,6489700
p1_l70_pp4_dual_prefill_in4096_out32_c8,edgexpert-7d4c,rocep1s0f0,49701468,49701528
p1_l70_pp4_dual_prefill_in4096_out32_c8,edgexpert-8277,roceP2p1s0f0,6530128,6530192
p1_l70_pp4_dual_prefill_in4096_out32_c8,edgexpert-8277,rocep1s0f0,49284472,49275256
p1_l70_pp4_dual_prefill_in4096_out32_c8,edgexpert-82e3,roceP2p1s0f0,76940,6451756
p1_l70_pp4_dual_prefill_in4096_out32_c8,edgexpert-82e3,rocep1s0f0,1135504,48610160
p1_l70_tp2_dual_decode_in128_out1024_c1,edgexpert-7afa,roceP2p1s0f0,37137070364,37137075696
p1_l70_tp2_dual_decode_in128_out1024_c1,edgexpert-7afa,rocep1s0f0,37178428092,37178429888
p1_l70_tp2_dual_decode_in128_out1024_c1,edgexpert-7d4c,roceP2p1s0f0,0,0
p1_l70_tp2_dual_decode_in128_out1024_c1,edgexpert-7d4c,rocep1s0f0,0,0
p1_l70_tp2_dual_decode_in128_out1024_c1,edgexpert-8277,roceP2p1s0f0,0,0
p1_l70_tp2_dual_decode_in128_out1024_c1,edgexpert-8277,rocep1s0f0,0,0
p1_l70_tp2_dual_decode_in128_out1024_c1,edgexpert-82e3,roceP2p1s0f0,37137075696,37137070364
p1_l70_tp2_dual_decode_in128_out1024_c1,edgexpert-82e3,rocep1s0f0,37178429892,37178428092
p1_l70_tp2_dual_decode_in128_out1024_c32,edgexpert-7afa,roceP2p1s0f0,133996771360,133991751032
p1_l70_tp2_dual_decode_in128_out1024_c32,edgexpert-7afa,rocep1s0f0,134101174508,134095401440
p1_l70_tp2_dual_decode_in128_out1024_c32,edgexpert-7d4c,roceP2p1s0f0,0,0
p1_l70_tp2_dual_decode_in128_out1024_c32,edgexpert-7d4c,rocep1s0f0,0,0
p1_l70_tp2_dual_decode_in128_out1024_c32,edgexpert-8277,roceP2p1s0f0,0,0
p1_l70_tp2_dual_decode_in128_out1024_c32,edgexpert-8277,rocep1s0f0,0,0
p1_l70_tp2_dual_decode_in128_out1024_c32,edgexpert-82e3,roceP2p1s0f0,133991751032,133996771360
p1_l70_tp2_dual_decode_in128_out1024_c32,edgexpert-82e3,rocep1s0f0,134095401440,134101174508
p1_l70_tp2_dual_decode_in128_out1024_c8,edgexpert-7afa,roceP2p1s0f0,72908113948,72908618876
p1_l70_tp2_dual_decode_in128_out1024_c8,edgexpert-7afa,rocep1s0f0,72982201160,72982669508
p1_l70_tp2_dual_decode_in128_out1024_c8,edgexpert-7d4c,roceP2p1s0f0,0,0
p1_l70_tp2_dual_decode_in128_out1024_c8,edgexpert-7d4c,rocep1s0f0,0,0
p1_l70_tp2_dual_decode_in128_out1024_c8,edgexpert-8277,roceP2p1s0f0,0,0
p1_l70_tp2_dual_decode_in128_out1024_c8,edgexpert-8277,rocep1s0f0,0,0
p1_l70_tp2_dual_decode_in128_out1024_c8,edgexpert-82e3,roceP2p1s0f0,72908618876,72908113948
p1_l70_tp2_dual_decode_in128_out1024_c8,edgexpert-82e3,rocep1s0f0,72982669508,72982201160
p1_l70_tp2_dual_prefill_in4096_out32_c1,edgexpert-7afa,roceP2p1s0f0,5106946868,5106882020
p1_l70_tp2_dual_prefill_in4096_out32_c1,edgexpert-7afa,rocep1s0f0,5127178032,5127094520
p1_l70_tp2_dual_prefill_in4096_out32_c1,edgexpert-7d4c,roceP2p1s0f0,0,0
p1_l70_tp2_dual_prefill_in4096_out32_c1,edgexpert-7d4c,rocep1s0f0,0,0
p1_l70_tp2_dual_prefill_in4096_out32_c1,edgexpert-8277,roceP2p1s0f0,0,0
p1_l70_tp2_dual_prefill_in4096_out32_c1,edgexpert-8277,rocep1s0f0,0,0
p1_l70_tp2_dual_prefill_in4096_out32_c1,edgexpert-82e3,roceP2p1s0f0,5106882020,5106946868
p1_l70_tp2_dual_prefill_in4096_out32_c1,edgexpert-82e3,rocep1s0f0,5127094516,5127178032
p1_l70_tp2_dual_prefill_in4096_out32_c8,edgexpert-7afa,roceP2p1s0f0,2888565044,2888550656
p1_l70_tp2_dual_prefill_in4096_out32_c8,edgexpert-7afa,rocep1s0f0,2891160448,2891149536
p1_l70_tp2_dual_prefill_in4096_out32_c8,edgexpert-7d4c,roceP2p1s0f0,0,0
p1_l70_tp2_dual_prefill_in4096_out32_c8,edgexpert-7d4c,rocep1s0f0,0,0
p1_l70_tp2_dual_prefill_in4096_out32_c8,edgexpert-8277,roceP2p1s0f0,0,0
p1_l70_tp2_dual_prefill_in4096_out32_c8,edgexpert-8277,rocep1s0f0,0,0
p1_l70_tp2_dual_prefill_in4096_out32_c8,edgexpert-82e3,roceP2p1s0f0,2888550656,2888565044
p1_l70_tp2_dual_prefill_in4096_out32_c8,edgexpert-82e3,rocep1s0f0,2891149536,2891160448
p1_l70_tp2pp2_dual_decode_in128_out1024_c1,edgexpert-7afa,roceP2p1s0f0,18277261480,18276215368
p1_l70_tp2pp2_dual_decode_in128_out1024_c1,edgexpert-7afa,rocep1s0f0,18515083896,18308955404
p1_l70_tp2pp2_dual_decode_in128_out1024_c1,edgexpert-7d4c,roceP2p1s0f0,18277285200,18276206604
p1_l70_tp2pp2_dual_decode_in128_out1024_c1,edgexpert-7d4c,rocep1s0f0,18515144360,18308986728
p1_l70_tp2pp2_dual_decode_in128_out1024_c1,edgexpert-8277,roceP2p1s0f0,19111266216,19112322932
p1_l70_tp2pp2_dual_decode_in128_out1024_c1,edgexpert-8277,rocep1s0f0,19174835076,19380973176
p1_l70_tp2pp2_dual_decode_in128_out1024_c1,edgexpert-82e3,roceP2p1s0f0,19111268052,19112336052
p1_l70_tp2pp2_dual_decode_in128_out1024_c1,edgexpert-82e3,rocep1s0f0,19174876012,19381024032
p1_l70_tp2pp2_dual_decode_in128_out1024_c32,edgexpert-7afa,roceP2p1s0f0,68416738572,67868567564
p1_l70_tp2pp2_dual_decode_in128_out1024_c32,edgexpert-7afa,rocep1s0f0,68540962464,67891828496
p1_l70_tp2pp2_dual_decode_in128_out1024_c32,edgexpert-7d4c,roceP2p1s0f0,68417431996,67868316788
p1_l70_tp2pp2_dual_decode_in128_out1024_c32,edgexpert-7d4c,rocep1s0f0,68541332356,67891408324
p1_l70_tp2pp2_dual_decode_in128_out1024_c32,edgexpert-8277,roceP2p1s0f0,72317240604,72863502324
p1_l70_tp2pp2_dual_decode_in128_out1024_c32,edgexpert-8277,rocep1s0f0,72450113672,73096848424
p1_l70_tp2pp2_dual_decode_in128_out1024_c32,edgexpert-82e3,roceP2p1s0f0,72315080536,72866105036
p1_l70_tp2pp2_dual_decode_in128_out1024_c32,edgexpert-82e3,rocep1s0f0,72447294284,73099617528
p1_l70_tp2pp2_dual_decode_in128_out1024_c8,edgexpert-7afa,roceP2p1s0f0,39761110108,39758748132
p1_l70_tp2pp2_dual_decode_in128_out1024_c8,edgexpert-7afa,rocep1s0f0,40459904400,39794962272
p1_l70_tp2pp2_dual_decode_in128_out1024_c8,edgexpert-7d4c,roceP2p1s0f0,39761147836,39758730620
p1_l70_tp2pp2_dual_decode_in128_out1024_c8,edgexpert-7d4c,rocep1s0f0,40459321440,39794350420
p1_l70_tp2pp2_dual_decode_in128_out1024_c8,edgexpert-8277,roceP2p1s0f0,42653337976,42655904672
p1_l70_tp2pp2_dual_decode_in128_out1024_c8,edgexpert-8277,rocep1s0f0,42760939428,43426060244
p1_l70_tp2pp2_dual_decode_in128_out1024_c8,edgexpert-82e3,roceP2p1s0f0,42653525192,42655737680
p1_l70_tp2pp2_dual_decode_in128_out1024_c8,edgexpert-82e3,rocep1s0f0,42760506260,43425298600
p1_l70_tp2pp2_dual_prefill_in4096_out32_c1,edgexpert-7afa,roceP2p1s0f0,2579172656,2556158852
p1_l70_tp2pp2_dual_prefill_in4096_out32_c1,edgexpert-7afa,rocep1s0f0,2598865436,2566814560
p1_l70_tp2pp2_dual_prefill_in4096_out32_c1,edgexpert-7d4c,roceP2p1s0f0,2578954632,2556378240
p1_l70_tp2pp2_dual_prefill_in4096_out32_c1,edgexpert-7d4c,rocep1s0f0,2598664168,2567033840
p1_l70_tp2pp2_dual_prefill_in4096_out32_c1,edgexpert-8277,roceP2p1s0f0,2587716916,2610237568
p1_l70_tp2pp2_dual_prefill_in4096_out32_c1,edgexpert-8277,rocep1s0f0,2599118832,2630671536
p1_l70_tp2pp2_dual_prefill_in4096_out32_c1,edgexpert-82e3,roceP2p1s0f0,2587443152,2610512692
p1_l70_tp2pp2_dual_prefill_in4096_out32_c1,edgexpert-82e3,rocep1s0f0,2598839944,2630968444
p1_l70_tp2pp2_dual_prefill_in4096_out32_c8,edgexpert-7afa,roceP2p1s0f0,1586862956,1584750276
p1_l70_tp2pp2_dual_prefill_in4096_out32_c8,edgexpert-7afa,rocep1s0f0,1610850372,1586086128
p1_l70_tp2pp2_dual_prefill_in4096_out32_c8,edgexpert-7d4c,roceP2p1s0f0,1586874984,1584738244
p1_l70_tp2pp2_dual_prefill_in4096_out32_c8,edgexpert-7d4c,rocep1s0f0,1610861552,1586081312
p1_l70_tp2pp2_dual_prefill_in4096_out32_c8,edgexpert-8277,roceP2p1s0f0,1672601356,1674720924
p1_l70_tp2pp2_dual_prefill_in4096_out32_c8,edgexpert-8277,rocep1s0f0,1676390212,1701157928
p1_l70_tp2pp2_dual_prefill_in4096_out32_c8,edgexpert-82e3,roceP2p1s0f0,1672596212,1674726068
p1_l70_tp2pp2_dual_prefill_in4096_out32_c8,edgexpert-82e3,rocep1s0f0,1676388864,1701165632
p1_l70_tp4_dual_decode_in128_out1024_c1,edgexpert-7afa,roceP2p1s0f0,2479938956,2479957556
p1_l70_tp4_dual_decode_in128_out1024_c1,edgexpert-7afa,rocep1s0f0,109806634824,109805543744
p1_l70_tp4_dual_decode_in128_out1024_c1,edgexpert-7d4c,roceP2p1s0f0,2479985636,2479946080
p1_l70_tp4_dual_decode_in128_out1024_c1,edgexpert-7d4c,rocep1s0f0,110054952216,110053874284
p1_l70_tp4_dual_decode_in128_out1024_c1,edgexpert-8277,roceP2p1s0f0,2475206800,2475159372
p1_l70_tp4_dual_decode_in128_out1024_c1,edgexpert-8277,rocep1s0f0,110144616496,110144413196
p1_l70_tp4_dual_decode_in128_out1024_c1,edgexpert-82e3,roceP2p1s0f0,2475131292,2475199676
p1_l70_tp4_dual_decode_in128_out1024_c1,edgexpert-82e3,rocep1s0f0,109895004728,109897377032
p1_l70_tp4_dual_decode_in128_out1024_c32,edgexpert-7afa,roceP2p1s0f0,227528231892,227527894924
p1_l70_tp4_dual_decode_in128_out1024_c32,edgexpert-7afa,rocep1s0f0,263448458408,263447782484
p1_l70_tp4_dual_decode_in128_out1024_c32,edgexpert-7d4c,roceP2p1s0f0,227372820088,227373471772
p1_l70_tp4_dual_decode_in128_out1024_c32,edgexpert-7d4c,rocep1s0f0,263364554720,263364930440
p1_l70_tp4_dual_decode_in128_out1024_c32,edgexpert-8277,roceP2p1s0f0,227335651640,227335611712
p1_l70_tp4_dual_decode_in128_out1024_c32,edgexpert-8277,rocep1s0f0,263370347388,263370384216
p1_l70_tp4_dual_decode_in128_out1024_c32,edgexpert-82e3,roceP2p1s0f0,227490686544,227490411760
p1_l70_tp4_dual_decode_in128_out1024_c32,edgexpert-82e3,rocep1s0f0,263453611980,263453875356
p1_l70_tp4_dual_decode_in128_out1024_c8,edgexpert-7afa,roceP2p1s0f0,146649654480,146649777860
p1_l70_tp4_dual_decode_in128_out1024_c8,edgexpert-7afa,rocep1s0f0,182594539764,182594333552
p1_l70_tp4_dual_decode_in128_out1024_c8,edgexpert-7d4c,roceP2p1s0f0,146499284920,146499214176
p1_l70_tp4_dual_decode_in128_out1024_c8,edgexpert-7d4c,rocep1s0f0,182510926464,182510524212
p1_l70_tp4_dual_decode_in128_out1024_c8,edgexpert-8277,roceP2p1s0f0,146722463548,146722438560
p1_l70_tp4_dual_decode_in128_out1024_c8,edgexpert-8277,rocep1s0f0,182763717024,182763662464
p1_l70_tp4_dual_decode_in128_out1024_c8,edgexpert-82e3,roceP2p1s0f0,146872931504,146872903852
p1_l70_tp4_dual_decode_in128_out1024_c8,edgexpert-82e3,rocep1s0f0,182847069548,182847732580
p1_l70_tp4_dual_prefill_in4096_out32_c1,edgexpert-7afa,roceP2p1s0f0,6185014324,6184177012
p1_l70_tp4_dual_prefill_in4096_out32_c1,edgexpert-7afa,rocep1s0f0,9466015172,9465279048
p1_l70_tp4_dual_prefill_in4096_out32_c1,edgexpert-7d4c,roceP2p1s0f0,6182632632,6183240912
p1_l70_tp4_dual_prefill_in4096_out32_c1,edgexpert-7d4c,rocep1s0f0,9470221004,9470744408
p1_l70_tp4_dual_prefill_in4096_out32_c1,edgexpert-8277,roceP2p1s0f0,6184708068,6183817624
p1_l70_tp4_dual_prefill_in4096_out32_c1,edgexpert-8277,rocep1s0f0,9475489924,9474551740
p1_l70_tp4_dual_prefill_in4096_out32_c1,edgexpert-82e3,roceP2p1s0f0,6185362008,6186481480
p1_l70_tp4_dual_prefill_in4096_out32_c1,edgexpert-82e3,rocep1s0f0,9469609784,9470760688
p1_l70_tp4_dual_prefill_in4096_out32_c8,edgexpert-7afa,roceP2p1s0f0,5697359764,5697360944
p1_l70_tp4_dual_prefill_in4096_out32_c8,edgexpert-7afa,rocep1s0f0,6823906156,6823899400
p1_l70_tp4_dual_prefill_in4096_out32_c8,edgexpert-7d4c,roceP2p1s0f0,5694316080,5694314592
p1_l70_tp4_dual_prefill_in4096_out32_c8,edgexpert-7d4c,rocep1s0f0,6826377080,6826368832
p1_l70_tp4_dual_prefill_in4096_out32_c8,edgexpert-8277,roceP2p1s0f0,5699458988,5699459484
p1_l70_tp4_dual_prefill_in4096_out32_c8,edgexpert-8277,rocep1s0f0,6829513136,6829512952
p1_l70_tp4_dual_prefill_in4096_out32_c8,edgexpert-82e3,roceP2p1s0f0,5702504340,5702504156
p1_l70_tp4_dual_prefill_in4096_out32_c8,edgexpert-82e3,rocep1s0f0,6827035272,6827050460
p1_l70_tp4_tcp_decode_in128_out1024_c1,edgexpert-7afa,roceP2p1s0f0,0,0
p1_l70_tp4_tcp_decode_in128_out1024_c1,edgexpert-7afa,rocep1s0f0,0,0
p1_l70_tp4_tcp_decode_in128_out1024_c1,edgexpert-7d4c,roceP2p1s0f0,0,0
p1_l70_tp4_tcp_decode_in128_out1024_c1,edgexpert-7d4c,rocep1s0f0,0,0
p1_l70_tp4_tcp_decode_in128_out1024_c1,edgexpert-8277,roceP2p1s0f0,0,0
p1_l70_tp4_tcp_decode_in128_out1024_c1,edgexpert-8277,rocep1s0f0,0,0
p1_l70_tp4_tcp_decode_in128_out1024_c1,edgexpert-82e3,roceP2p1s0f0,0,0
p1_l70_tp4_tcp_decode_in128_out1024_c1,edgexpert-82e3,rocep1s0f0,0,0
p1_l70_tp4_tcp_decode_in128_out1024_c32,edgexpert-7afa,roceP2p1s0f0,0,0
p1_l70_tp4_tcp_decode_in128_out1024_c32,edgexpert-7afa,rocep1s0f0,0,0
p1_l70_tp4_tcp_decode_in128_out1024_c32,edgexpert-7d4c,roceP2p1s0f0,0,0
p1_l70_tp4_tcp_decode_in128_out1024_c32,edgexpert-7d4c,rocep1s0f0,0,0
p1_l70_tp4_tcp_decode_in128_out1024_c32,edgexpert-8277,roceP2p1s0f0,0,0
p1_l70_tp4_tcp_decode_in128_out1024_c32,edgexpert-8277,rocep1s0f0,0,0
p1_l70_tp4_tcp_decode_in128_out1024_c32,edgexpert-82e3,roceP2p1s0f0,0,0
p1_l70_tp4_tcp_decode_in128_out1024_c32,edgexpert-82e3,rocep1s0f0,0,0
p1_l70_tp4_tcp_decode_in128_out1024_c8,edgexpert-7afa,roceP2p1s0f0,0,0
p1_l70_tp4_tcp_decode_in128_out1024_c8,edgexpert-7afa,rocep1s0f0,0,0
p1_l70_tp4_tcp_decode_in128_out1024_c8,edgexpert-7d4c,roceP2p1s0f0,0,0
p1_l70_tp4_tcp_decode_in128_out1024_c8,edgexpert-7d4c,rocep1s0f0,0,0
p1_l70_tp4_tcp_decode_in128_out1024_c8,edgexpert-8277,roceP2p1s0f0,0,0
p1_l70_tp4_tcp_decode_in128_out1024_c8,edgexpert-8277,rocep1s0f0,0,0
p1_l70_tp4_tcp_decode_in128_out1024_c8,edgexpert-82e3,roceP2p1s0f0,0,0
p1_l70_tp4_tcp_decode_in128_out1024_c8,edgexpert-82e3,rocep1s0f0,0,0
p1_l70_tp4_tcp_prefill_in4096_out32_c1,edgexpert-7afa,roceP2p1s0f0,0,0
p1_l70_tp4_tcp_prefill_in4096_out32_c1,edgexpert-7afa,rocep1s0f0,0,0
p1_l70_tp4_tcp_prefill_in4096_out32_c1,edgexpert-7d4c,roceP2p1s0f0,0,0
p1_l70_tp4_tcp_prefill_in4096_out32_c1,edgexpert-7d4c,rocep1s0f0,0,0
p1_l70_tp4_tcp_prefill_in4096_out32_c1,edgexpert-8277,roceP2p1s0f0,0,0
p1_l70_tp4_tcp_prefill_in4096_out32_c1,edgexpert-8277,rocep1s0f0,0,0
p1_l70_tp4_tcp_prefill_in4096_out32_c1,edgexpert-82e3,roceP2p1s0f0,0,0
p1_l70_tp4_tcp_prefill_in4096_out32_c1,edgexpert-82e3,rocep1s0f0,0,0
p1_l70_tp4_tcp_prefill_in4096_out32_c8,edgexpert-7afa,roceP2p1s0f0,0,0
p1_l70_tp4_tcp_prefill_in4096_out32_c8,edgexpert-7afa,rocep1s0f0,0,0
p1_l70_tp4_tcp_prefill_in4096_out32_c8,edgexpert-7d4c,roceP2p1s0f0,0,0
p1_l70_tp4_tcp_prefill_in4096_out32_c8,edgexpert-7d4c,rocep1s0f0,0,0
p1_l70_tp4_tcp_prefill_in4096_out32_c8,edgexpert-8277,roceP2p1s0f0,0,0
p1_l70_tp4_tcp_prefill_in4096_out32_c8,edgexpert-8277,rocep1s0f0,0,0
p1_l70_tp4_tcp_prefill_in4096_out32_c8,edgexpert-82e3,roceP2p1s0f0,0,0
p1_l70_tp4_tcp_prefill_in4096_out32_c8,edgexpert-82e3,rocep1s0f0,0,0
p1_l8_pp2_dual_decode_in128_out1024_c1,edgexpert-7afa,roceP2p1s0f0,0,0
p1_l8_pp2_dual_decode_in128_out1024_c1,edgexpert-7afa,rocep1s0f0,0,0
p1_l8_pp2_dual_decode_in128_out1024_c1,edgexpert-7d4c,roceP2p1s0f0,0,0
p1_l8_pp2_dual_decode_in128_out1024_c1,edgexpert-7d4c,rocep1s0f0,0,0
p1_l8_pp2_dual_decode_in128_out1024_c1,edgexpert-8277,roceP2p1s0f0,1069152,6668
p1_l8_pp2_dual_decode_in128_out1024_c1,edgexpert-8277,rocep1s0f0,233124972,26981044
p1_l8_pp2_dual_decode_in128_out1024_c1,edgexpert-82e3,roceP2p1s0f0,6672,1069152
p1_l8_pp2_dual_decode_in128_out1024_c1,edgexpert-82e3,rocep1s0f0,26981048,233124972
p1_l8_pp2_dual_decode_in128_out1024_c32,edgexpert-7afa,roceP2p1s0f0,0,0
p1_l8_pp2_dual_decode_in128_out1024_c32,edgexpert-7afa,rocep1s0f0,0,0
p1_l8_pp2_dual_decode_in128_out1024_c32,edgexpert-7d4c,roceP2p1s0f0,0,0
p1_l8_pp2_dual_decode_in128_out1024_c32,edgexpert-7d4c,rocep1s0f0,0,0
p1_l8_pp2_dual_decode_in128_out1024_c32,edgexpert-8277,roceP2p1s0f0,552401860,3628640
p1_l8_pp2_dual_decode_in128_out1024_c32,edgexpert-8277,rocep1s0f0,669304584,19643744
p1_l8_pp2_dual_decode_in128_out1024_c32,edgexpert-82e3,roceP2p1s0f0,3628644,552401860
p1_l8_pp2_dual_decode_in128_out1024_c32,edgexpert-82e3,rocep1s0f0,19643744,669304584
p1_l8_pp2_dual_decode_in128_out1024_c8,edgexpert-7afa,roceP2p1s0f0,0,0
p1_l8_pp2_dual_decode_in128_out1024_c8,edgexpert-7afa,rocep1s0f0,0,0
p1_l8_pp2_dual_decode_in128_out1024_c8,edgexpert-7d4c,roceP2p1s0f0,0,0
p1_l8_pp2_dual_decode_in128_out1024_c8,edgexpert-7d4c,rocep1s0f0,0,0
p1_l8_pp2_dual_decode_in128_out1024_c8,edgexpert-8277,roceP2p1s0f0,2411960,22092
p1_l8_pp2_dual_decode_in128_out1024_c8,edgexpert-8277,rocep1s0f0,708016988,26179548
p1_l8_pp2_dual_decode_in128_out1024_c8,edgexpert-82e3,roceP2p1s0f0,22088,2411960
p1_l8_pp2_dual_decode_in128_out1024_c8,edgexpert-82e3,rocep1s0f0,26179548,708016988
p1_l8_pp2_dual_prefill_in4096_out32_c1,edgexpert-7afa,roceP2p1s0f0,0,0
p1_l8_pp2_dual_prefill_in4096_out32_c1,edgexpert-7afa,rocep1s0f0,0,0
p1_l8_pp2_dual_prefill_in4096_out32_c1,edgexpert-7d4c,roceP2p1s0f0,0,0
p1_l8_pp2_dual_prefill_in4096_out32_c1,edgexpert-7d4c,rocep1s0f0,0,0
p1_l8_pp2_dual_prefill_in4096_out32_c1,edgexpert-8277,roceP2p1s0f0,22860940,65692
p1_l8_pp2_dual_prefill_in4096_out32_c1,edgexpert-8277,rocep1s0f0,32893416,1051728
p1_l8_pp2_dual_prefill_in4096_out32_c1,edgexpert-82e3,roceP2p1s0f0,65688,22860940
p1_l8_pp2_dual_prefill_in4096_out32_c1,edgexpert-82e3,rocep1s0f0,1051728,32893416
p1_l8_pp2_dual_prefill_in4096_out32_c8,edgexpert-7afa,roceP2p1s0f0,0,0
p1_l8_pp2_dual_prefill_in4096_out32_c8,edgexpert-7afa,rocep1s0f0,0,0
p1_l8_pp2_dual_prefill_in4096_out32_c8,edgexpert-7d4c,roceP2p1s0f0,0,0
p1_l8_pp2_dual_prefill_in4096_out32_c8,edgexpert-7d4c,rocep1s0f0,0,0
p1_l8_pp2_dual_prefill_in4096_out32_c8,edgexpert-8277,roceP2p1s0f0,2334776,11840
p1_l8_pp2_dual_prefill_in4096_out32_c8,edgexpert-8277,rocep1s0f0,25532108,859564
p1_l8_pp2_dual_prefill_in4096_out32_c8,edgexpert-82e3,roceP2p1s0f0,11840,2334776
p1_l8_pp2_dual_prefill_in4096_out32_c8,edgexpert-82e3,rocep1s0f0,859564,25532108
p1_l8_pp4_dual_decode_in128_out1024_c1,edgexpert-7afa,roceP2p1s0f0,1073508,11092
p1_l8_pp4_dual_decode_in128_out1024_c1,edgexpert-7afa,rocep1s0f0,243670992,38608408
p1_l8_pp4_dual_decode_in128_out1024_c1,edgexpert-7d4c,roceP2p1s0f0,1088172,1088108
p1_l8_pp4_dual_decode_in128_out1024_c1,edgexpert-7d4c,rocep1s0f0,258596332,258596332
p1_l8_pp4_dual_decode_in128_out1024_c1,edgexpert-8277,roceP2p1s0f0,1081800,1081800
p1_l8_pp4_dual_decode_in128_out1024_c1,edgexpert-8277,rocep1s0f0,248146904,247065560
p1_l8_pp4_dual_decode_in128_out1024_c1,edgexpert-82e3,roceP2p1s0f0,4720,1067200
p1_l8_pp4_dual_decode_in128_out1024_c1,edgexpert-82e3,rocep1s0f0,27077636,233221564
p1_l8_pp4_dual_decode_in128_out1024_c32,edgexpert-7afa,roceP2p1s0f0,552360388,3587172
p1_l8_pp4_dual_decode_in128_out1024_c32,edgexpert-7afa,rocep1s0f0,680411524,29505624
p1_l8_pp4_dual_decode_in128_out1024_c32,edgexpert-7d4c,roceP2p1s0f0,555938720,555938720
p1_l8_pp4_dual_decode_in128_out1024_c32,edgexpert-7d4c,rocep1s0f0,691605332,691605208
p1_l8_pp4_dual_decode_in128_out1024_c32,edgexpert-8277,roceP2p1s0f0,555766280,555766280
p1_l8_pp4_dual_decode_in128_out1024_c32,edgexpert-8277,rocep1s0f0,681733592,682978900
p1_l8_pp4_dual_decode_in128_out1024_c32,edgexpert-82e3,roceP2p1s0f0,3414728,552187948
p1_l8_pp4_dual_decode_in128_out1024_c32,edgexpert-82e3,rocep1s0f0,20879196,670539912
p1_l8_pp4_dual_decode_in128_out1024_c8,edgexpert-7afa,roceP2p1s0f0,2147932,24860
p1_l8_pp4_dual_decode_in128_out1024_c8,edgexpert-7afa,rocep1s0f0,737182072,55943448
p1_l8_pp4_dual_decode_in128_out1024_c8,edgexpert-7d4c,roceP2p1s0f0,2173052,2173052
p1_l8_pp4_dual_decode_in128_out1024_c8,edgexpert-7d4c,rocep1s0f0,760226020,760226020
p1_l8_pp4_dual_decode_in128_out1024_c8,edgexpert-8277,roceP2p1s0f0,2163172,2163172
p1_l8_pp4_dual_decode_in128_out1024_c8,edgexpert-8277,rocep1s0f0,742486816,741699904
p1_l8_pp4_dual_decode_in128_out1024_c8,edgexpert-82e3,roceP2p1s0f0,14980,2138052
p1_l8_pp4_dual_decode_in128_out1024_c8,edgexpert-82e3,rocep1s0f0,37417328,719442864
p1_l8_pp4_dual_prefill_in4096_out32_c1,edgexpert-7afa,roceP2p1s0f0,22853724,58408
p1_l8_pp4_dual_prefill_in4096_out32_c1,edgexpert-7afa,rocep1s0f0,33114892,1307120
p1_l8_pp4_dual_prefill_in4096_out32_c1,edgexpert-7d4c,roceP2p1s0f0,22919544,22919544
p1_l8_pp4_dual_prefill_in4096_out32_c1,edgexpert-7d4c,rocep1s0f0,33785180,33785120
p1_l8_pp4_dual_prefill_in4096_out32_c1,edgexpert-8277,roceP2p1s0f0,22926696,22926824
p1_l8_pp4_dual_prefill_in4096_out32_c1,edgexpert-8277,rocep1s0f0,33571124,33537332
p1_l8_pp4_dual_prefill_in4096_out32_c1,edgexpert-82e3,roceP2p1s0f0,65692,22860880
p1_l8_pp4_dual_prefill_in4096_out32_c1,edgexpert-82e3,rocep1s0f0,1059268,32900892
p1_l8_pp4_dual_prefill_in4096_out32_c8,edgexpert-7afa,roceP2p1s0f0,2404332,15704
p1_l8_pp4_dual_prefill_in4096_out32_c8,edgexpert-7afa,rocep1s0f0,27594232,1584092
p1_l8_pp4_dual_prefill_in4096_out32_c8,edgexpert-7d4c,roceP2p1s0f0,2419904,2419840
p1_l8_pp4_dual_prefill_in4096_out32_c8,edgexpert-7d4c,rocep1s0f0,28276204,28276204
p1_l8_pp4_dual_prefill_in4096_out32_c8,edgexpert-8277,roceP2p1s0f0,2421664,2421724
p1_l8_pp4_dual_prefill_in4096_out32_c8,edgexpert-8277,rocep1s0f0,27791980,27774844
p1_l8_pp4_dual_prefill_in4096_out32_c8,edgexpert-82e3,roceP2p1s0f0,17520,2406152
p1_l8_pp4_dual_prefill_in4096_out32_c8,edgexpert-82e3,rocep1s0f0,1082732,27110012
p1_l8_tp1_dual_decode_in128_out1024_c1,edgexpert-7afa,roceP2p1s0f0,0,0
p1_l8_tp1_dual_decode_in128_out1024_c1,edgexpert-7afa,rocep1s0f0,0,0
p1_l8_tp1_dual_decode_in128_out1024_c1,edgexpert-7d4c,roceP2p1s0f0,0,0
p1_l8_tp1_dual_decode_in128_out1024_c1,edgexpert-7d4c,rocep1s0f0,0,0
p1_l8_tp1_dual_decode_in128_out1024_c1,edgexpert-8277,roceP2p1s0f0,0,0
p1_l8_tp1_dual_decode_in128_out1024_c1,edgexpert-8277,rocep1s0f0,0,0
p1_l8_tp1_dual_decode_in128_out1024_c1,edgexpert-82e3,roceP2p1s0f0,0,0
p1_l8_tp1_dual_decode_in128_out1024_c1,edgexpert-82e3,rocep1s0f0,0,0
p1_l8_tp1_dual_decode_in128_out1024_c32,edgexpert-7afa,roceP2p1s0f0,0,0
p1_l8_tp1_dual_decode_in128_out1024_c32,edgexpert-7afa,rocep1s0f0,0,0
p1_l8_tp1_dual_decode_in128_out1024_c32,edgexpert-7d4c,roceP2p1s0f0,0,0
p1_l8_tp1_dual_decode_in128_out1024_c32,edgexpert-7d4c,rocep1s0f0,0,0
p1_l8_tp1_dual_decode_in128_out1024_c32,edgexpert-8277,roceP2p1s0f0,0,0
p1_l8_tp1_dual_decode_in128_out1024_c32,edgexpert-8277,rocep1s0f0,0,0
p1_l8_tp1_dual_decode_in128_out1024_c32,edgexpert-82e3,roceP2p1s0f0,0,0
p1_l8_tp1_dual_decode_in128_out1024_c32,edgexpert-82e3,rocep1s0f0,0,0
p1_l8_tp1_dual_decode_in128_out1024_c8,edgexpert-7afa,roceP2p1s0f0,0,0
p1_l8_tp1_dual_decode_in128_out1024_c8,edgexpert-7afa,rocep1s0f0,0,0
p1_l8_tp1_dual_decode_in128_out1024_c8,edgexpert-7d4c,roceP2p1s0f0,0,0
p1_l8_tp1_dual_decode_in128_out1024_c8,edgexpert-7d4c,rocep1s0f0,0,0
p1_l8_tp1_dual_decode_in128_out1024_c8,edgexpert-8277,roceP2p1s0f0,0,0
p1_l8_tp1_dual_decode_in128_out1024_c8,edgexpert-8277,rocep1s0f0,0,0
p1_l8_tp1_dual_decode_in128_out1024_c8,edgexpert-82e3,roceP2p1s0f0,0,0
p1_l8_tp1_dual_decode_in128_out1024_c8,edgexpert-82e3,rocep1s0f0,0,0
p1_l8_tp1_dual_prefill_in4096_out32_c1,edgexpert-7afa,roceP2p1s0f0,0,0
p1_l8_tp1_dual_prefill_in4096_out32_c1,edgexpert-7afa,rocep1s0f0,0,0
p1_l8_tp1_dual_prefill_in4096_out32_c1,edgexpert-7d4c,roceP2p1s0f0,0,0
p1_l8_tp1_dual_prefill_in4096_out32_c1,edgexpert-7d4c,rocep1s0f0,0,0
p1_l8_tp1_dual_prefill_in4096_out32_c1,edgexpert-8277,roceP2p1s0f0,0,0
p1_l8_tp1_dual_prefill_in4096_out32_c1,edgexpert-8277,rocep1s0f0,0,0
p1_l8_tp1_dual_prefill_in4096_out32_c1,edgexpert-82e3,roceP2p1s0f0,0,0
p1_l8_tp1_dual_prefill_in4096_out32_c1,edgexpert-82e3,rocep1s0f0,0,0
p1_l8_tp1_dual_prefill_in4096_out32_c8,edgexpert-7afa,roceP2p1s0f0,0,0
p1_l8_tp1_dual_prefill_in4096_out32_c8,edgexpert-7afa,rocep1s0f0,0,0
p1_l8_tp1_dual_prefill_in4096_out32_c8,edgexpert-7d4c,roceP2p1s0f0,0,0
p1_l8_tp1_dual_prefill_in4096_out32_c8,edgexpert-7d4c,rocep1s0f0,0,0
p1_l8_tp1_dual_prefill_in4096_out32_c8,edgexpert-8277,roceP2p1s0f0,0,0
p1_l8_tp1_dual_prefill_in4096_out32_c8,edgexpert-8277,rocep1s0f0,0,0
p1_l8_tp1_dual_prefill_in4096_out32_c8,edgexpert-82e3,roceP2p1s0f0,0,0
p1_l8_tp1_dual_prefill_in4096_out32_c8,edgexpert-82e3,rocep1s0f0,0,0
p1_l8_tp2_dual_decode_in128_out1024_c1,edgexpert-7afa,roceP2p1s0f0,949823820,949823632
p1_l8_tp2_dual_decode_in128_out1024_c1,edgexpert-7afa,rocep1s0f0,15417785764,15417786384
p1_l8_tp2_dual_decode_in128_out1024_c1,edgexpert-7d4c,roceP2p1s0f0,949823632,949823820
p1_l8_tp2_dual_decode_in128_out1024_c1,edgexpert-7d4c,rocep1s0f0,15417786384,15417785764
p1_l8_tp2_dual_decode_in128_out1024_c1,edgexpert-8277,roceP2p1s0f0,0,0
p1_l8_tp2_dual_decode_in128_out1024_c1,edgexpert-8277,rocep1s0f0,0,0
p1_l8_tp2_dual_decode_in128_out1024_c1,edgexpert-82e3,roceP2p1s0f0,0,0
p1_l8_tp2_dual_decode_in128_out1024_c1,edgexpert-82e3,rocep1s0f0,0,0
p1_l8_tp2_dual_decode_in128_out1024_c32,edgexpert-7afa,roceP2p1s0f0,28006929444,28005949780
p1_l8_tp2_dual_decode_in128_out1024_c32,edgexpert-7afa,rocep1s0f0,32925258292,32924400828
p1_l8_tp2_dual_decode_in128_out1024_c32,edgexpert-7d4c,roceP2p1s0f0,28005949780,28006929444
p1_l8_tp2_dual_decode_in128_out1024_c32,edgexpert-7d4c,rocep1s0f0,32924400828,32925258288
p1_l8_tp2_dual_decode_in128_out1024_c32,edgexpert-8277,roceP2p1s0f0,0,0
p1_l8_tp2_dual_decode_in128_out1024_c32,edgexpert-8277,rocep1s0f0,0,0
p1_l8_tp2_dual_decode_in128_out1024_c32,edgexpert-82e3,roceP2p1s0f0,0,0
p1_l8_tp2_dual_decode_in128_out1024_c32,edgexpert-82e3,rocep1s0f0,0,0
p1_l8_tp2_dual_decode_in128_out1024_c8,edgexpert-7afa,roceP2p1s0f0,21508515552,21508842108
p1_l8_tp2_dual_decode_in128_out1024_c8,edgexpert-7afa,rocep1s0f0,26394578560,26394907224
p1_l8_tp2_dual_decode_in128_out1024_c8,edgexpert-7d4c,roceP2p1s0f0,21508842108,21508515552
p1_l8_tp2_dual_decode_in128_out1024_c8,edgexpert-7d4c,rocep1s0f0,26394907224,26394578564
p1_l8_tp2_dual_decode_in128_out1024_c8,edgexpert-8277,roceP2p1s0f0,0,0
p1_l8_tp2_dual_decode_in128_out1024_c8,edgexpert-8277,rocep1s0f0,0,0
p1_l8_tp2_dual_decode_in128_out1024_c8,edgexpert-82e3,roceP2p1s0f0,0,0
p1_l8_tp2_dual_decode_in128_out1024_c8,edgexpert-82e3,rocep1s0f0,0,0
p1_l8_tp2_dual_prefill_in4096_out32_c1,edgexpert-7afa,roceP2p1s0f0,837048592,836978348
p1_l8_tp2_dual_prefill_in4096_out32_c1,edgexpert-7afa,rocep1s0f0,1276196976,1276120656
p1_l8_tp2_dual_prefill_in4096_out32_c1,edgexpert-7d4c,roceP2p1s0f0,836978348,837048592
p1_l8_tp2_dual_prefill_in4096_out32_c1,edgexpert-7d4c,rocep1s0f0,1276120656,1276196976
p1_l8_tp2_dual_prefill_in4096_out32_c1,edgexpert-8277,roceP2p1s0f0,0,0
p1_l8_tp2_dual_prefill_in4096_out32_c1,edgexpert-8277,rocep1s0f0,0,0
p1_l8_tp2_dual_prefill_in4096_out32_c1,edgexpert-82e3,roceP2p1s0f0,0,0
p1_l8_tp2_dual_prefill_in4096_out32_c1,edgexpert-82e3,rocep1s0f0,0,0
p1_l8_tp2_dual_prefill_in4096_out32_c8,edgexpert-7afa,roceP2p1s0f0,787161272,787178380
p1_l8_tp2_dual_prefill_in4096_out32_c8,edgexpert-7afa,rocep1s0f0,939920828,939943644
p1_l8_tp2_dual_prefill_in4096_out32_c8,edgexpert-7d4c,roceP2p1s0f0,787178384,787161272
p1_l8_tp2_dual_prefill_in4096_out32_c8,edgexpert-7d4c,rocep1s0f0,939943644,939920832
p1_l8_tp2_dual_prefill_in4096_out32_c8,edgexpert-8277,roceP2p1s0f0,0,0
p1_l8_tp2_dual_prefill_in4096_out32_c8,edgexpert-8277,rocep1s0f0,0,0
p1_l8_tp2_dual_prefill_in4096_out32_c8,edgexpert-82e3,roceP2p1s0f0,0,0
p1_l8_tp2_dual_prefill_in4096_out32_c8,edgexpert-82e3,rocep1s0f0,0,0
p1_l8_tp2pp2_dual_decode_in128_out1024_c1,edgexpert-7afa,roceP2p1s0f0,56002024,55468428
p1_l8_tp2pp2_dual_decode_in128_out1024_c1,edgexpert-7afa,rocep1s0f0,7506218352,7404053664
p1_l8_tp2pp2_dual_decode_in128_out1024_c1,edgexpert-7d4c,roceP2p1s0f0,55999868,55471104
p1_l8_tp2pp2_dual_decode_in128_out1024_c1,edgexpert-7d4c,rocep1s0f0,7506202856,7404039840
p1_l8_tp2pp2_dual_decode_in128_out1024_c1,edgexpert-8277,roceP2p1s0f0,903140644,903671700
p1_l8_tp2pp2_dual_decode_in128_out1024_c1,edgexpert-8277,rocep1s0f0,8299123556,8401289048
p1_l8_tp2pp2_dual_decode_in128_out1024_c1,edgexpert-82e3,roceP2p1s0f0,903140784,903672084
p1_l8_tp2pp2_dual_decode_in128_out1024_c1,edgexpert-82e3,rocep1s0f0,8299110540,8401272748
p1_l8_tp2pp2_dual_decode_in128_out1024_c32,edgexpert-7afa,roceP2p1s0f0,11896221564,11894083744
p1_l8_tp2pp2_dual_decode_in128_out1024_c32,edgexpert-7afa,rocep1s0f0,16180479540,15586408592
p1_l8_tp2pp2_dual_decode_in128_out1024_c32,edgexpert-7d4c,roceP2p1s0f0,11896745220,11893570948
p1_l8_tp2pp2_dual_decode_in128_out1024_c32,edgexpert-7d4c,rocep1s0f0,16181081284,15585949204
p1_l8_tp2pp2_dual_decode_in128_out1024_c32,edgexpert-8277,roceP2p1s0f0,16447415748,16451351256
p1_l8_tp2pp2_dual_decode_in128_out1024_c32,edgexpert-8277,rocep1s0f0,20249370296,20845553896
p1_l8_tp2pp2_dual_decode_in128_out1024_c32,edgexpert-82e3,roceP2p1s0f0,16448700640,16450077220
p1_l8_tp2pp2_dual_decode_in128_out1024_c32,edgexpert-82e3,rocep1s0f0,20251023556,20844042988
p1_l8_tp2pp2_dual_decode_in128_out1024_c8,edgexpert-7afa,roceP2p1s0f0,14380968176,14380050792
p1_l8_tp2pp2_dual_decode_in128_out1024_c8,edgexpert-7afa,rocep1s0f0,17295512560,16853449896
p1_l8_tp2pp2_dual_decode_in128_out1024_c8,edgexpert-7d4c,roceP2p1s0f0,14380980192,14380040860
p1_l8_tp2pp2_dual_decode_in128_out1024_c8,edgexpert-7d4c,rocep1s0f0,17295631868,16853556864
p1_l8_tp2pp2_dual_decode_in128_out1024_c8,edgexpert-8277,roceP2p1s0f0,16982767176,16984014464
p1_l8_tp2pp2_dual_decode_in128_out1024_c8,edgexpert-8277,rocep1s0f0,19567495396,20009898196
p1_l8_tp2pp2_dual_decode_in128_out1024_c8,edgexpert-82e3,roceP2p1s0f0,16983087140,16983696576
p1_l8_tp2pp2_dual_decode_in128_out1024_c8,edgexpert-82e3,rocep1s0f0,19567942496,20009677368
p1_l8_tp2pp2_dual_prefill_in4096_out32_c1,edgexpert-7afa,roceP2p1s0f0,423256196,411860396
p1_l8_tp2pp2_dual_prefill_in4096_out32_c1,edgexpert-7afa,rocep1s0f0,651145468,635239092
p1_l8_tp2pp2_dual_prefill_in4096_out32_c1,edgexpert-7d4c,roceP2p1s0f0,423245152,411855304
p1_l8_tp2pp2_dual_prefill_in4096_out32_c1,edgexpert-7d4c,rocep1s0f0,651226808,635338292
p1_l8_tp2pp2_dual_prefill_in4096_out32_c1,edgexpert-8277,roceP2p1s0f0,439142956,450497404
p1_l8_tp2pp2_dual_prefill_in4096_out32_c1,edgexpert-8277,rocep1s0f0,663458304,679331012
p1_l8_tp2pp2_dual_prefill_in4096_out32_c1,edgexpert-82e3,roceP2p1s0f0,439096512,450527716
p1_l8_tp2pp2_dual_prefill_in4096_out32_c1,edgexpert-82e3,rocep1s0f0,663523836,679446020
p1_l8_tp2pp2_dual_prefill_in4096_out32_c8,edgexpert-7afa,roceP2p1s0f0,356725088,355759664
p1_l8_tp2pp2_dual_prefill_in4096_out32_c8,edgexpert-7afa,rocep1s0f0,519150444,506686216
p1_l8_tp2pp2_dual_prefill_in4096_out32_c8,edgexpert-7d4c,roceP2p1s0f0,356720452,355762220
p1_l8_tp2pp2_dual_prefill_in4096_out32_c8,edgexpert-7d4c,rocep1s0f0,519187156,506710960
p1_l8_tp2pp2_dual_prefill_in4096_out32_c8,edgexpert-8277,roceP2p1s0f0,437666180,438635384
p1_l8_tp2pp2_dual_prefill_in4096_out32_c8,edgexpert-8277,rocep1s0f0,591236260,603716920
p1_l8_tp2pp2_dual_prefill_in4096_out32_c8,edgexpert-82e3,roceP2p1s0f0,437672520,438626968
p1_l8_tp2pp2_dual_prefill_in4096_out32_c8,edgexpert-82e3,rocep1s0f0,591277440,603737200
p1_l8_tp4_dual_decode_in128_out1024_c1,edgexpert-7afa,roceP2p1s0f0,1792665684,1792665684
p1_l8_tp4_dual_decode_in128_out1024_c1,edgexpert-7afa,rocep1s0f0,25291405964,25290884976
p1_l8_tp4_dual_decode_in128_out1024_c1,edgexpert-7d4c,roceP2p1s0f0,1788277864,1788277864
p1_l8_tp4_dual_decode_in128_out1024_c1,edgexpert-7d4c,rocep1s0f0,25201170688,25201076264
p1_l8_tp4_dual_decode_in128_out1024_c1,edgexpert-8277,roceP2p1s0f0,1786898896,1786899020
p1_l8_tp4_dual_decode_in128_out1024_c1,edgexpert-8277,rocep1s0f0,25264503916,25264521652
p1_l8_tp4_dual_decode_in128_out1024_c1,edgexpert-82e3,roceP2p1s0f0,1791286844,1791286720
p1_l8_tp4_dual_decode_in128_out1024_c1,edgexpert-82e3,rocep1s0f0,25354235940,25354833620
p1_l8_tp4_dual_decode_in128_out1024_c32,edgexpert-7afa,roceP2p1s0f0,50911678204,50911826880
p1_l8_tp4_dual_decode_in128_out1024_c32,edgexpert-7afa,rocep1s0f0,58893246680,58893289396
p1_l8_tp4_dual_decode_in128_out1024_c32,edgexpert-7d4c,roceP2p1s0f0,50735028568,50735222568
p1_l8_tp4_dual_decode_in128_out1024_c32,edgexpert-7d4c,rocep1s0f0,58695447380,58695105268
p1_l8_tp4_dual_decode_in128_out1024_c32,edgexpert-8277,roceP2p1s0f0,50784533872,50784186612
p1_l8_tp4_dual_decode_in128_out1024_c32,edgexpert-8277,rocep1s0f0,58750905892,58750895600
p1_l8_tp4_dual_decode_in128_out1024_c32,edgexpert-82e3,roceP2p1s0f0,50960984924,50960989512
p1_l8_tp4_dual_decode_in128_out1024_c32,edgexpert-82e3,rocep1s0f0,58948737616,58949047304
p1_l8_tp4_dual_decode_in128_out1024_c8,edgexpert-7afa,roceP2p1s0f0,33148968108,33148976724
p1_l8_tp4_dual_decode_in128_out1024_c8,edgexpert-7afa,rocep1s0f0,41080347880,41080141980
p1_l8_tp4_dual_decode_in128_out1024_c8,edgexpert-7d4c,roceP2p1s0f0,33113014432,33113008292
p1_l8_tp4_dual_decode_in128_out1024_c8,edgexpert-7d4c,rocep1s0f0,41018961516,41018906148
p1_l8_tp4_dual_decode_in128_out1024_c8,edgexpert-8277,roceP2p1s0f0,33142931616,33142927836
p1_l8_tp4_dual_decode_in128_out1024_c8,edgexpert-8277,rocep1s0f0,41072433172,41072457164
p1_l8_tp4_dual_decode_in128_out1024_c8,edgexpert-82e3,roceP2p1s0f0,33178890128,33178891428
p1_l8_tp4_dual_decode_in128_out1024_c8,edgexpert-82e3,rocep1s0f0,41133637628,41133874904
p1_l8_tp4_dual_prefill_in4096_out32_c1,edgexpert-7afa,roceP2p1s0f0,1336959428,1336929980
p1_l8_tp4_dual_prefill_in4096_out32_c1,edgexpert-7afa,rocep1s0f0,2049432336,2049391356
p1_l8_tp4_dual_prefill_in4096_out32_c1,edgexpert-7d4c,roceP2p1s0f0,1336180780,1336352584
p1_l8_tp4_dual_prefill_in4096_out32_c1,edgexpert-7d4c,rocep1s0f0,2047166552,2047278520
p1_l8_tp4_dual_prefill_in4096_out32_c1,edgexpert-8277,roceP2p1s0f0,1336773204,1336768240
p1_l8_tp4_dual_prefill_in4096_out32_c1,edgexpert-8277,rocep1s0f0,2049087436,2049133316
p1_l8_tp4_dual_prefill_in4096_out32_c1,edgexpert-82e3,roceP2p1s0f0,1337517436,1337380048
p1_l8_tp4_dual_prefill_in4096_out32_c1,edgexpert-82e3,rocep1s0f0,2051358120,2051241252
p1_l8_tp4_dual_prefill_in4096_out32_c8,edgexpert-7afa,roceP2p1s0f0,1278943640,1278943516
p1_l8_tp4_dual_prefill_in4096_out32_c8,edgexpert-7afa,rocep1s0f0,1530097068,1530087832
p1_l8_tp4_dual_prefill_in4096_out32_c8,edgexpert-7d4c,roceP2p1s0f0,1276954784,1276954844
p1_l8_tp4_dual_prefill_in4096_out32_c8,edgexpert-7d4c,rocep1s0f0,1527682116,1527679204
p1_l8_tp4_dual_prefill_in4096_out32_c8,edgexpert-8277,roceP2p1s0f0,1278177748,1278176944
p1_l8_tp4_dual_prefill_in4096_out32_c8,edgexpert-8277,rocep1s0f0,1529368348,1529370024
p1_l8_tp4_dual_prefill_in4096_out32_c8,edgexpert-82e3,roceP2p1s0f0,1280165680,1280166544
p1_l8_tp4_dual_prefill_in4096_out32_c8,edgexpert-82e3,rocep1s0f0,1531775736,1531786212
p1_q30_pp2_dual_decode_in128_out1024_c1,edgexpert-7afa,roceP2p1s0f0,0,0
p1_q30_pp2_dual_decode_in128_out1024_c1,edgexpert-7afa,rocep1s0f0,0,0
p1_q30_pp2_dual_decode_in128_out1024_c1,edgexpert-7d4c,roceP2p1s0f0,1772,532888
p1_q30_pp2_dual_decode_in128_out1024_c1,edgexpert-7d4c,rocep1s0f0,20871288,122494624
p1_q30_pp2_dual_decode_in128_out1024_c1,edgexpert-8277,roceP2p1s0f0,532888,1772
p1_q30_pp2_dual_decode_in128_out1024_c1,edgexpert-8277,rocep1s0f0,122494624,20871292
p1_q30_pp2_dual_decode_in128_out1024_c1,edgexpert-82e3,roceP2p1s0f0,0,0
p1_q30_pp2_dual_decode_in128_out1024_c1,edgexpert-82e3,rocep1s0f0,0,0
p1_q30_pp2_dual_decode_in128_out1024_c32,edgexpert-7afa,roceP2p1s0f0,0,0
p1_q30_pp2_dual_decode_in128_out1024_c32,edgexpert-7afa,rocep1s0f0,0,0
p1_q30_pp2_dual_decode_in128_out1024_c32,edgexpert-7d4c,roceP2p1s0f0,16480,2406824
p1_q30_pp2_dual_decode_in128_out1024_c32,edgexpert-7d4c,rocep1s0f0,14074768,593062628
p1_q30_pp2_dual_decode_in128_out1024_c32,edgexpert-8277,roceP2p1s0f0,2406824,16480
p1_q30_pp2_dual_decode_in128_out1024_c32,edgexpert-8277,rocep1s0f0,593062624,14074768
p1_q30_pp2_dual_decode_in128_out1024_c32,edgexpert-82e3,roceP2p1s0f0,0,0
p1_q30_pp2_dual_decode_in128_out1024_c32,edgexpert-82e3,rocep1s0f0,0,0
p1_q30_pp2_dual_decode_in128_out1024_c8,edgexpert-7afa,roceP2p1s0f0,0,0
p1_q30_pp2_dual_decode_in128_out1024_c8,edgexpert-7afa,rocep1s0f0,0,0
p1_q30_pp2_dual_decode_in128_out1024_c8,edgexpert-7d4c,roceP2p1s0f0,9308,937920
p1_q30_pp2_dual_decode_in128_out1024_c8,edgexpert-7d4c,rocep1s0f0,14465936,321186640
p1_q30_pp2_dual_decode_in128_out1024_c8,edgexpert-8277,roceP2p1s0f0,937916,9308
p1_q30_pp2_dual_decode_in128_out1024_c8,edgexpert-8277,rocep1s0f0,321186644,14465936
p1_q30_pp2_dual_decode_in128_out1024_c8,edgexpert-82e3,roceP2p1s0f0,0,0
p1_q30_pp2_dual_decode_in128_out1024_c8,edgexpert-82e3,rocep1s0f0,0,0
p1_q30_pp2_dual_prefill_in4096_out32_c1,edgexpert-7afa,roceP2p1s0f0,0,0
p1_q30_pp2_dual_prefill_in4096_out32_c1,edgexpert-7afa,rocep1s0f0,0,0
p1_q30_pp2_dual_prefill_in4096_out32_c1,edgexpert-7d4c,roceP2p1s0f0,108640,11501960
p1_q30_pp2_dual_prefill_in4096_out32_c1,edgexpert-7d4c,rocep1s0f0,791564,15933136
p1_q30_pp2_dual_prefill_in4096_out32_c1,edgexpert-8277,roceP2p1s0f0,11501964,108640
p1_q30_pp2_dual_prefill_in4096_out32_c1,edgexpert-8277,rocep1s0f0,15933136,791564
p1_q30_pp2_dual_prefill_in4096_out32_c1,edgexpert-82e3,roceP2p1s0f0,0,0
p1_q30_pp2_dual_prefill_in4096_out32_c1,edgexpert-82e3,rocep1s0f0,0,0
p1_q30_pp2_dual_prefill_in4096_out32_c8,edgexpert-7afa,roceP2p1s0f0,0,0
p1_q30_pp2_dual_prefill_in4096_out32_c8,edgexpert-7afa,rocep1s0f0,0,0
p1_q30_pp2_dual_prefill_in4096_out32_c8,edgexpert-7d4c,roceP2p1s0f0,7840,1070320
p1_q30_pp2_dual_prefill_in4096_out32_c8,edgexpert-7d4c,rocep1s0f0,501980,11345240
p1_q30_pp2_dual_prefill_in4096_out32_c8,edgexpert-8277,roceP2p1s0f0,1070320,7840
p1_q30_pp2_dual_prefill_in4096_out32_c8,edgexpert-8277,rocep1s0f0,11345244,501976
p1_q30_pp2_dual_prefill_in4096_out32_c8,edgexpert-82e3,roceP2p1s0f0,0,0
p1_q30_pp2_dual_prefill_in4096_out32_c8,edgexpert-82e3,rocep1s0f0,0,0
p1_q30_pp4_dual_decode_in128_out1024_c1,edgexpert-7afa,roceP2p1s0f0,533020,1900
p1_q30_pp4_dual_decode_in128_out1024_c1,edgexpert-7afa,rocep1s0f0,128745076,27468684
p1_q30_pp4_dual_decode_in128_out1024_c1,edgexpert-7d4c,roceP2p1s0f0,1772,532952
p1_q30_pp4_dual_decode_in128_out1024_c1,edgexpert-7d4c,rocep1s0f0,20492816,122310932
p1_q30_pp4_dual_decode_in128_out1024_c1,edgexpert-8277,roceP2p1s0f0,534984,534920
p1_q30_pp4_dual_decode_in128_out1024_c1,edgexpert-8277,rocep1s0f0,141841876,141841876
p1_q30_pp4_dual_decode_in128_out1024_c1,edgexpert-82e3,roceP2p1s0f0,534852,534852
p1_q30_pp4_dual_decode_in128_out1024_c1,edgexpert-82e3,rocep1s0f0,135407732,134866004
p1_q30_pp4_dual_decode_in128_out1024_c32,edgexpert-7afa,roceP2p1s0f0,2414300,24020
p1_q30_pp4_dual_decode_in128_out1024_c32,edgexpert-7afa,rocep1s0f0,597463196,17409744
p1_q30_pp4_dual_decode_in128_out1024_c32,edgexpert-7d4c,roceP2p1s0f0,23500,2413844
p1_q30_pp4_dual_decode_in128_out1024_c32,edgexpert-7d4c,rocep1s0f0,13982328,593814160
p1_q30_pp4_dual_decode_in128_out1024_c32,edgexpert-8277,roceP2p1s0f0,2437992,2437932
p1_q30_pp4_dual_decode_in128_out1024_c32,edgexpert-8277,rocep1s0f0,607314056,607314056
p1_q30_pp4_dual_decode_in128_out1024_c32,edgexpert-82e3,roceP2p1s0f0,2437476,2437476
p1_q30_pp4_dual_decode_in128_out1024_c32,edgexpert-82e3,rocep1s0f0,603665020,603886636
p1_q30_pp4_dual_decode_in128_out1024_c8,edgexpert-7afa,roceP2p1s0f0,1070840,8360
p1_q30_pp4_dual_decode_in128_out1024_c8,edgexpert-7afa,rocep1s0f0,325847460,19219480
p1_q30_pp4_dual_decode_in128_out1024_c8,edgexpert-7d4c,roceP2p1s0f0,8228,1070708
p1_q30_pp4_dual_decode_in128_out1024_c8,edgexpert-7d4c,rocep1s0f0,14527248,321319828
p1_q30_pp4_dual_decode_in128_out1024_c8,edgexpert-8277,roceP2p1s0f0,1078940,1078940
p1_q30_pp4_dual_decode_in128_out1024_c8,edgexpert-8277,rocep1s0f0,335171208,335171212
p1_q30_pp4_dual_decode_in128_out1024_c8,edgexpert-82e3,roceP2p1s0f0,1078808,1078808
p1_q30_pp4_dual_decode_in128_out1024_c8,edgexpert-82e3,rocep1s0f0,330643580,330478980
p1_q30_pp4_dual_prefill_in4096_out32_c1,edgexpert-7afa,roceP2p1s0f0,11502612,109292
p1_q30_pp4_dual_prefill_in4096_out32_c1,edgexpert-7afa,rocep1s0f0,16375860,1057460
p1_q30_pp4_dual_prefill_in4096_out32_c1,edgexpert-7d4c,roceP2p1s0f0,102660,11495920
p1_q30_pp4_dual_prefill_in4096_out32_c1,edgexpert-7d4c,rocep1s0f0,828436,16164732
p1_q30_pp4_dual_prefill_in4096_out32_c1,edgexpert-8277,roceP2p1s0f0,11605464,11605404
p1_q30_pp4_dual_prefill_in4096_out32_c1,edgexpert-8277,rocep1s0f0,16872140,16872200
p1_q30_pp4_dual_prefill_in4096_out32_c1,edgexpert-82e3,roceP2p1s0f0,11598708,11598832
p1_q30_pp4_dual_prefill_in4096_out32_c1,edgexpert-82e3,rocep1s0f0,16661072,16643120
p1_q30_pp4_dual_prefill_in4096_out32_c8,edgexpert-7afa,roceP2p1s0f0,704124,8140
p1_q30_pp4_dual_prefill_in4096_out32_c8,edgexpert-7afa,rocep1s0f0,12464476,676692
p1_q30_pp4_dual_prefill_in4096_out32_c8,edgexpert-7d4c,roceP2p1s0f0,8012,703996
p1_q30_pp4_dual_prefill_in4096_out32_c8,edgexpert-7d4c,rocep1s0f0,546144,12339676
p1_q30_pp4_dual_prefill_in4096_out32_c8,edgexpert-8277,roceP2p1s0f0,712264,712264
p1_q30_pp4_dual_prefill_in4096_out32_c8,edgexpert-8277,rocep1s0f0,12800408,12800408
p1_q30_pp4_dual_prefill_in4096_out32_c8,edgexpert-82e3,roceP2p1s0f0,712136,712136
p1_q30_pp4_dual_prefill_in4096_out32_c8,edgexpert-82e3,rocep1s0f0,12675604,12669856
p1_q30_tp1_dual_decode_in128_out1024_c1,edgexpert-7afa,roceP2p1s0f0,0,0
p1_q30_tp1_dual_decode_in128_out1024_c1,edgexpert-7afa,rocep1s0f0,0,0
p1_q30_tp1_dual_decode_in128_out1024_c1,edgexpert-7d4c,roceP2p1s0f0,0,0
p1_q30_tp1_dual_decode_in128_out1024_c1,edgexpert-7d4c,rocep1s0f0,0,0
p1_q30_tp1_dual_decode_in128_out1024_c1,edgexpert-8277,roceP2p1s0f0,0,0
p1_q30_tp1_dual_decode_in128_out1024_c1,edgexpert-8277,rocep1s0f0,0,0
p1_q30_tp1_dual_decode_in128_out1024_c1,edgexpert-82e3,roceP2p1s0f0,0,0
p1_q30_tp1_dual_decode_in128_out1024_c1,edgexpert-82e3,rocep1s0f0,0,0
p1_q30_tp1_dual_decode_in128_out1024_c32,edgexpert-7afa,roceP2p1s0f0,0,0
p1_q30_tp1_dual_decode_in128_out1024_c32,edgexpert-7afa,rocep1s0f0,0,0
p1_q30_tp1_dual_decode_in128_out1024_c32,edgexpert-7d4c,roceP2p1s0f0,0,0
p1_q30_tp1_dual_decode_in128_out1024_c32,edgexpert-7d4c,rocep1s0f0,0,0
p1_q30_tp1_dual_decode_in128_out1024_c32,edgexpert-8277,roceP2p1s0f0,0,0
p1_q30_tp1_dual_decode_in128_out1024_c32,edgexpert-8277,rocep1s0f0,0,0
p1_q30_tp1_dual_decode_in128_out1024_c32,edgexpert-82e3,roceP2p1s0f0,0,0
p1_q30_tp1_dual_decode_in128_out1024_c32,edgexpert-82e3,rocep1s0f0,0,0
p1_q30_tp1_dual_decode_in128_out1024_c8,edgexpert-7afa,roceP2p1s0f0,0,0
p1_q30_tp1_dual_decode_in128_out1024_c8,edgexpert-7afa,rocep1s0f0,0,0
p1_q30_tp1_dual_decode_in128_out1024_c8,edgexpert-7d4c,roceP2p1s0f0,0,0
p1_q30_tp1_dual_decode_in128_out1024_c8,edgexpert-7d4c,rocep1s0f0,0,0
p1_q30_tp1_dual_decode_in128_out1024_c8,edgexpert-8277,roceP2p1s0f0,0,0
p1_q30_tp1_dual_decode_in128_out1024_c8,edgexpert-8277,rocep1s0f0,0,0
p1_q30_tp1_dual_decode_in128_out1024_c8,edgexpert-82e3,roceP2p1s0f0,0,0
p1_q30_tp1_dual_decode_in128_out1024_c8,edgexpert-82e3,rocep1s0f0,0,0
p1_q30_tp1_dual_prefill_in4096_out32_c1,edgexpert-7afa,roceP2p1s0f0,0,0
p1_q30_tp1_dual_prefill_in4096_out32_c1,edgexpert-7afa,rocep1s0f0,0,0
p1_q30_tp1_dual_prefill_in4096_out32_c1,edgexpert-7d4c,roceP2p1s0f0,0,0
p1_q30_tp1_dual_prefill_in4096_out32_c1,edgexpert-7d4c,rocep1s0f0,0,0
p1_q30_tp1_dual_prefill_in4096_out32_c1,edgexpert-8277,roceP2p1s0f0,0,0
p1_q30_tp1_dual_prefill_in4096_out32_c1,edgexpert-8277,rocep1s0f0,0,0
p1_q30_tp1_dual_prefill_in4096_out32_c1,edgexpert-82e3,roceP2p1s0f0,0,0
p1_q30_tp1_dual_prefill_in4096_out32_c1,edgexpert-82e3,rocep1s0f0,0,0
p1_q30_tp1_dual_prefill_in4096_out32_c8,edgexpert-7afa,roceP2p1s0f0,0,0
p1_q30_tp1_dual_prefill_in4096_out32_c8,edgexpert-7afa,rocep1s0f0,0,0
p1_q30_tp1_dual_prefill_in4096_out32_c8,edgexpert-7d4c,roceP2p1s0f0,0,0
p1_q30_tp1_dual_prefill_in4096_out32_c8,edgexpert-7d4c,rocep1s0f0,0,0
p1_q30_tp1_dual_prefill_in4096_out32_c8,edgexpert-8277,roceP2p1s0f0,0,0
p1_q30_tp1_dual_prefill_in4096_out32_c8,edgexpert-8277,rocep1s0f0,0,0
p1_q30_tp1_dual_prefill_in4096_out32_c8,edgexpert-82e3,roceP2p1s0f0,0,0
p1_q30_tp1_dual_prefill_in4096_out32_c8,edgexpert-82e3,rocep1s0f0,0,0
p1_q30_tp2_dual_decode_in128_out1024_c1,edgexpert-7afa,roceP2p1s0f0,1058197940,1058201660
p1_q30_tp2_dual_decode_in128_out1024_c1,edgexpert-7afa,rocep1s0f0,12739593956,12739596804
p1_q30_tp2_dual_decode_in128_out1024_c1,edgexpert-7d4c,roceP2p1s0f0,1058201660,1058197940
p1_q30_tp2_dual_decode_in128_out1024_c1,edgexpert-7d4c,rocep1s0f0,12739596808,12739593956
p1_q30_tp2_dual_decode_in128_out1024_c1,edgexpert-8277,roceP2p1s0f0,0,0
p1_q30_tp2_dual_decode_in128_out1024_c1,edgexpert-8277,rocep1s0f0,0,0
p1_q30_tp2_dual_decode_in128_out1024_c1,edgexpert-82e3,roceP2p1s0f0,0,0
p1_q30_tp2_dual_decode_in128_out1024_c1,edgexpert-82e3,rocep1s0f0,0,0
p1_q30_tp2_dual_decode_in128_out1024_c32,edgexpert-7afa,roceP2p1s0f0,22927321160,22927596564
p1_q30_tp2_dual_decode_in128_out1024_c32,edgexpert-7afa,rocep1s0f0,26934369388,26934831596
p1_q30_tp2_dual_decode_in128_out1024_c32,edgexpert-7d4c,roceP2p1s0f0,22927596564,22927321160
p1_q30_tp2_dual_decode_in128_out1024_c32,edgexpert-7d4c,rocep1s0f0,26934831600,26934369388
p1_q30_tp2_dual_decode_in128_out1024_c32,edgexpert-8277,roceP2p1s0f0,0,0
p1_q30_tp2_dual_decode_in128_out1024_c32,edgexpert-8277,rocep1s0f0,0,0
p1_q30_tp2_dual_decode_in128_out1024_c32,edgexpert-82e3,roceP2p1s0f0,0,0
p1_q30_tp2_dual_decode_in128_out1024_c32,edgexpert-82e3,rocep1s0f0,0,0
p1_q30_tp2_dual_decode_in128_out1024_c8,edgexpert-7afa,roceP2p1s0f0,17136489336,17136675024
p1_q30_tp2_dual_decode_in128_out1024_c8,edgexpert-7afa,rocep1s0f0,21166165504,21166346360
p1_q30_tp2_dual_decode_in128_out1024_c8,edgexpert-7d4c,roceP2p1s0f0,17136675028,17136489336
p1_q30_tp2_dual_decode_in128_out1024_c8,edgexpert-7d4c,rocep1s0f0,21166346356,21166165504
p1_q30_tp2_dual_decode_in128_out1024_c8,edgexpert-8277,roceP2p1s0f0,0,0
p1_q30_tp2_dual_decode_in128_out1024_c8,edgexpert-8277,rocep1s0f0,0,0
p1_q30_tp2_dual_decode_in128_out1024_c8,edgexpert-82e3,roceP2p1s0f0,0,0
p1_q30_tp2_dual_decode_in128_out1024_c8,edgexpert-82e3,rocep1s0f0,0,0
p1_q30_tp2_dual_prefill_in4096_out32_c1,edgexpert-7afa,roceP2p1s0f0,631045676,630934384
p1_q30_tp2_dual_prefill_in4096_out32_c1,edgexpert-7afa,rocep1s0f0,985268664,985159608
p1_q30_tp2_dual_prefill_in4096_out32_c1,edgexpert-7d4c,roceP2p1s0f0,630934384,631045672
p1_q30_tp2_dual_prefill_in4096_out32_c1,edgexpert-7d4c,rocep1s0f0,985159604,985268664
p1_q30_tp2_dual_prefill_in4096_out32_c1,edgexpert-8277,roceP2p1s0f0,0,0
p1_q30_tp2_dual_prefill_in4096_out32_c1,edgexpert-8277,rocep1s0f0,0,0
p1_q30_tp2_dual_prefill_in4096_out32_c1,edgexpert-82e3,roceP2p1s0f0,0,0
p1_q30_tp2_dual_prefill_in4096_out32_c1,edgexpert-82e3,rocep1s0f0,0,0
p1_q30_tp2_dual_prefill_in4096_out32_c8,edgexpert-7afa,roceP2p1s0f0,614863616,614868948
p1_q30_tp2_dual_prefill_in4096_out32_c8,edgexpert-7afa,rocep1s0f0,741614352,741618320
p1_q30_tp2_dual_prefill_in4096_out32_c8,edgexpert-7d4c,roceP2p1s0f0,614868948,614863616
p1_q30_tp2_dual_prefill_in4096_out32_c8,edgexpert-7d4c,rocep1s0f0,741618324,741614352
p1_q30_tp2_dual_prefill_in4096_out32_c8,edgexpert-8277,roceP2p1s0f0,0,0
p1_q30_tp2_dual_prefill_in4096_out32_c8,edgexpert-8277,rocep1s0f0,0,0
p1_q30_tp2_dual_prefill_in4096_out32_c8,edgexpert-82e3,roceP2p1s0f0,0,0
p1_q30_tp2_dual_prefill_in4096_out32_c8,edgexpert-82e3,rocep1s0f0,0,0
p1_q30_tp2_ep_dual_decode_in128_out1024_c1,edgexpert-7afa,roceP2p1s0f0,0,0
p1_q30_tp2_ep_dual_decode_in128_out1024_c1,edgexpert-7afa,rocep1s0f0,0,0
p1_q30_tp2_ep_dual_decode_in128_out1024_c1,edgexpert-7d4c,roceP2p1s0f0,1050854988,1050853188
p1_q30_tp2_ep_dual_decode_in128_out1024_c1,edgexpert-7d4c,rocep1s0f0,12657956880,12657959360
p1_q30_tp2_ep_dual_decode_in128_out1024_c1,edgexpert-8277,roceP2p1s0f0,1050853188,1050854988
p1_q30_tp2_ep_dual_decode_in128_out1024_c1,edgexpert-8277,rocep1s0f0,12657959360,12657956880
p1_q30_tp2_ep_dual_decode_in128_out1024_c1,edgexpert-82e3,roceP2p1s0f0,0,0
p1_q30_tp2_ep_dual_decode_in128_out1024_c1,edgexpert-82e3,rocep1s0f0,0,0
p1_q30_tp2_ep_dual_decode_in128_out1024_c32,edgexpert-7afa,roceP2p1s0f0,0,0
p1_q30_tp2_ep_dual_decode_in128_out1024_c32,edgexpert-7afa,rocep1s0f0,0,0
p1_q30_tp2_ep_dual_decode_in128_out1024_c32,edgexpert-7d4c,roceP2p1s0f0,22870103792,22870637984
p1_q30_tp2_ep_dual_decode_in128_out1024_c32,edgexpert-7d4c,rocep1s0f0,26855236220,26855976064
p1_q30_tp2_ep_dual_decode_in128_out1024_c32,edgexpert-8277,roceP2p1s0f0,22870637984,22870103792
p1_q30_tp2_ep_dual_decode_in128_out1024_c32,edgexpert-8277,rocep1s0f0,26855976068,26855236220
p1_q30_tp2_ep_dual_decode_in128_out1024_c32,edgexpert-82e3,roceP2p1s0f0,0,0
p1_q30_tp2_ep_dual_decode_in128_out1024_c32,edgexpert-82e3,rocep1s0f0,0,0
p1_q30_tp2_ep_dual_decode_in128_out1024_c8,edgexpert-7afa,roceP2p1s0f0,0,0
p1_q30_tp2_ep_dual_decode_in128_out1024_c8,edgexpert-7afa,rocep1s0f0,0,0
p1_q30_tp2_ep_dual_decode_in128_out1024_c8,edgexpert-7d4c,roceP2p1s0f0,17096113560,17096288772
p1_q30_tp2_ep_dual_decode_in128_out1024_c8,edgexpert-7d4c,rocep1s0f0,21096292732,21096480408
p1_q30_tp2_ep_dual_decode_in128_out1024_c8,edgexpert-8277,roceP2p1s0f0,17096288772,17096113560
p1_q30_tp2_ep_dual_decode_in128_out1024_c8,edgexpert-8277,rocep1s0f0,21096480404,21096292732
p1_q30_tp2_ep_dual_decode_in128_out1024_c8,edgexpert-82e3,roceP2p1s0f0,0,0
p1_q30_tp2_ep_dual_decode_in128_out1024_c8,edgexpert-82e3,rocep1s0f0,0,0
p1_q30_tp2_ep_dual_prefill_in4096_out32_c1,edgexpert-7afa,roceP2p1s0f0,0,0
p1_q30_tp2_ep_dual_prefill_in4096_out32_c1,edgexpert-7afa,rocep1s0f0,0,0
p1_q30_tp2_ep_dual_prefill_in4096_out32_c1,edgexpert-7d4c,roceP2p1s0f0,630331064,630267020
p1_q30_tp2_ep_dual_prefill_in4096_out32_c1,edgexpert-7d4c,rocep1s0f0,982307292,982270404
p1_q30_tp2_ep_dual_prefill_in4096_out32_c1,edgexpert-8277,roceP2p1s0f0,630267016,630331064
p1_q30_tp2_ep_dual_prefill_in4096_out32_c1,edgexpert-8277,rocep1s0f0,982270400,982307292
p1_q30_tp2_ep_dual_prefill_in4096_out32_c1,edgexpert-82e3,roceP2p1s0f0,0,0
p1_q30_tp2_ep_dual_prefill_in4096_out32_c1,edgexpert-82e3,rocep1s0f0,0,0
p1_q30_tp2_ep_dual_prefill_in4096_out32_c8,edgexpert-7afa,roceP2p1s0f0,0,0
p1_q30_tp2_ep_dual_prefill_in4096_out32_c8,edgexpert-7afa,rocep1s0f0,0,0
p1_q30_tp2_ep_dual_prefill_in4096_out32_c8,edgexpert-7d4c,roceP2p1s0f0,612418032,612416976
p1_q30_tp2_ep_dual_prefill_in4096_out32_c8,edgexpert-7d4c,rocep1s0f0,737454772,737456384
p1_q30_tp2_ep_dual_prefill_in4096_out32_c8,edgexpert-8277,roceP2p1s0f0,612416980,612418032
p1_q30_tp2_ep_dual_prefill_in4096_out32_c8,edgexpert-8277,rocep1s0f0,737456384,737454772
p1_q30_tp2_ep_dual_prefill_in4096_out32_c8,edgexpert-82e3,roceP2p1s0f0,0,0
p1_q30_tp2_ep_dual_prefill_in4096_out32_c8,edgexpert-82e3,rocep1s0f0,0,0
p1_q30_tp2pp2_dual_decode_in128_out1024_c1,edgexpert-7afa,roceP2p1s0f0,56019528,55757692
p1_q30_tp2pp2_dual_decode_in128_out1024_c1,edgexpert-7afa,rocep1s0f0,5985173084,5934831324
p1_q30_tp2pp2_dual_decode_in128_out1024_c1,edgexpert-7d4c,roceP2p1s0f0,1003341340,1003605472
p1_q30_tp2pp2_dual_decode_in128_out1024_c1,edgexpert-7d4c,rocep1s0f0,6980887920,7031231600
p1_q30_tp2pp2_dual_decode_in128_out1024_c1,edgexpert-8277,roceP2p1s0f0,56023248,55753972
p1_q30_tp2pp2_dual_decode_in128_out1024_c1,edgexpert-8277,rocep1s0f0,5984889840,5934543744
p1_q30_tp2pp2_dual_decode_in128_out1024_c1,edgexpert-82e3,roceP2p1s0f0,1003339916,1003606900
p1_q30_tp2pp2_dual_decode_in128_out1024_c1,edgexpert-82e3,rocep1s0f0,6981173080,7031517260
p1_q30_tp2pp2_dual_decode_in128_out1024_c32,edgexpert-7afa,roceP2p1s0f0,8865221116,8864034360
p1_q30_tp2pp2_dual_decode_in128_out1024_c32,edgexpert-7afa,rocep1s0f0,11110824704,10821692232
p1_q30_tp2pp2_dual_decode_in128_out1024_c32,edgexpert-7d4c,roceP2p1s0f0,14326146652,14327986512
p1_q30_tp2pp2_dual_decode_in128_out1024_c32,edgexpert-7d4c,rocep1s0f0,16435975356,16725962188
p1_q30_tp2pp2_dual_decode_in128_out1024_c32,edgexpert-8277,roceP2p1s0f0,8865228912,8864026164
p1_q30_tp2pp2_dual_decode_in128_out1024_c32,edgexpert-8277,rocep1s0f0,11110599748,10821459528
p1_q30_tp2pp2_dual_decode_in128_out1024_c32,edgexpert-82e3,roceP2p1s0f0,14326791960,14327341600
p1_q30_tp2pp2_dual_decode_in128_out1024_c32,edgexpert-82e3,rocep1s0f0,16437054676,16725340536
p1_q30_tp2pp2_dual_decode_in128_out1024_c8,edgexpert-7afa,roceP2p1s0f0,7162298832,7162300012
p1_q30_tp2pp2_dual_decode_in128_out1024_c8,edgexpert-7afa,rocep1s0f0,9288958356,9135898224
p1_q30_tp2pp2_dual_decode_in128_out1024_c8,edgexpert-7d4c,roceP2p1s0f0,10056863584,10057115428
p1_q30_tp2pp2_dual_decode_in128_out1024_c8,edgexpert-7d4c,rocep1s0f0,12182255656,12335620148
p1_q30_tp2pp2_dual_decode_in128_out1024_c8,edgexpert-8277,roceP2p1s0f0,7162300012,7162298832
p1_q30_tp2pp2_dual_decode_in128_out1024_c8,edgexpert-8277,rocep1s0f0,9288707384,9135646876
p1_q30_tp2pp2_dual_decode_in128_out1024_c8,edgexpert-82e3,roceP2p1s0f0,10057115428,10056863584
p1_q30_tp2pp2_dual_decode_in128_out1024_c8,edgexpert-82e3,rocep1s0f0,12182810988,12335567136
p1_q30_tp2pp2_dual_prefill_in4096_out32_c1,edgexpert-7afa,roceP2p1s0f0,309654972,303948452
p1_q30_tp2pp2_dual_prefill_in4096_out32_c1,edgexpert-7afa,rocep1s0f0,488951664,481393716
p1_q30_tp2pp2_dual_prefill_in4096_out32_c1,edgexpert-7d4c,roceP2p1s0f0,333062620,338845960
p1_q30_tp2pp2_dual_prefill_in4096_out32_c1,edgexpert-7d4c,rocep1s0f0,514345764,521987656
p1_q30_tp2pp2_dual_prefill_in4096_out32_c1,edgexpert-8277,roceP2p1s0f0,309643920,303958724
p1_q30_tp2pp2_dual_prefill_in4096_out32_c1,edgexpert-8277,rocep1s0f0,488981008,481429756
p1_q30_tp2pp2_dual_prefill_in4096_out32_c1,edgexpert-82e3,roceP2p1s0f0,333150492,338758868
p1_q30_tp2pp2_dual_prefill_in4096_out32_c1,edgexpert-82e3,rocep1s0f0,514400364,521867668
p1_q30_tp2pp2_dual_prefill_in4096_out32_c8,edgexpert-7afa,roceP2p1s0f0,267207012,267206392
p1_q30_tp2pp2_dual_prefill_in4096_out32_c8,edgexpert-7afa,rocep1s0f0,335049300,329079524
p1_q30_tp2pp2_dual_prefill_in4096_out32_c8,edgexpert-7d4c,roceP2p1s0f0,356860304,356870100
p1_q30_tp2pp2_dual_prefill_in4096_out32_c8,edgexpert-7d4c,rocep1s0f0,423825012,429804524
p1_q30_tp2pp2_dual_prefill_in4096_out32_c8,edgexpert-8277,roceP2p1s0f0,267206392,267207012
p1_q30_tp2pp2_dual_prefill_in4096_out32_c8,edgexpert-8277,rocep1s0f0,335048660,329081860
p1_q30_tp2pp2_dual_prefill_in4096_out32_c8,edgexpert-82e3,roceP2p1s0f0,356870096,356860304
p1_q30_tp2pp2_dual_prefill_in4096_out32_c8,edgexpert-82e3,rocep1s0f0,423835388,429792452
p1_q30_tp2pp2_ep_dual_decode_in128_out1024_c1,edgexpert-7afa,roceP2p1s0f0,56098484,55834104
p1_q30_tp2pp2_ep_dual_decode_in128_out1024_c1,edgexpert-7afa,rocep1s0f0,6006508976,5956164552
p1_q30_tp2pp2_ep_dual_decode_in128_out1024_c1,edgexpert-7d4c,roceP2p1s0f0,1001075784,1001342580
p1_q30_tp2pp2_ep_dual_decode_in128_out1024_c1,edgexpert-7d4c,rocep1s0f0,6974102276,7024442852
p1_q30_tp2pp2_ep_dual_decode_in128_out1024_c1,edgexpert-8277,roceP2p1s0f0,56099664,55832928
p1_q30_tp2pp2_ep_dual_decode_in128_out1024_c1,edgexpert-8277,rocep1s0f0,6005743496,5955400004
p1_q30_tp2pp2_ep_dual_decode_in128_out1024_c1,edgexpert-82e3,roceP2p1s0f0,1001077024,1001341340
p1_q30_tp2pp2_ep_dual_decode_in128_out1024_c1,edgexpert-82e3,rocep1s0f0,6974863908,7025211244
p1_q30_tp2pp2_ep_dual_decode_in128_out1024_c32,edgexpert-7afa,roceP2p1s0f0,8864936220,8863743392
p1_q30_tp2pp2_ep_dual_decode_in128_out1024_c32,edgexpert-7afa,rocep1s0f0,11127546776,10838413932
p1_q30_tp2pp2_ep_dual_decode_in128_out1024_c32,edgexpert-7d4c,roceP2p1s0f0,14325853264,14328039704
p1_q30_tp2pp2_ep_dual_decode_in128_out1024_c32,edgexpert-7d4c,rocep1s0f0,16433306052,16723734200
p1_q30_tp2pp2_ep_dual_decode_in128_out1024_c32,edgexpert-8277,roceP2p1s0f0,8864938336,8863741536
p1_q30_tp2pp2_ep_dual_decode_in128_out1024_c32,edgexpert-8277,rocep1s0f0,11127269516,10838129788
p1_q30_tp2pp2_ep_dual_decode_in128_out1024_c32,edgexpert-82e3,roceP2p1s0f0,14326844764,14327047948
p1_q30_tp2pp2_ep_dual_decode_in128_out1024_c32,edgexpert-82e3,rocep1s0f0,16434878616,16722723036
p1_q30_tp2pp2_ep_dual_decode_in128_out1024_c8,edgexpert-7afa,roceP2p1s0f0,7183911360,7183912040
p1_q30_tp2pp2_ep_dual_decode_in128_out1024_c8,edgexpert-7afa,rocep1s0f0,9317256164,9164197516
p1_q30_tp2pp2_ep_dual_decode_in128_out1024_c8,edgexpert-7d4c,roceP2p1s0f0,10059901568,10060074240
p1_q30_tp2pp2_ep_dual_decode_in128_out1024_c8,edgexpert-7d4c,rocep1s0f0,12182751044,12335998608
p1_q30_tp2pp2_ep_dual_decode_in128_out1024_c8,edgexpert-8277,roceP2p1s0f0,7183912040,7183911360
p1_q30_tp2pp2_ep_dual_decode_in128_out1024_c8,edgexpert-8277,rocep1s0f0,9317014608,9163952364
p1_q30_tp2pp2_ep_dual_decode_in128_out1024_c8,edgexpert-82e3,roceP2p1s0f0,10060074236,10059901568
p1_q30_tp2pp2_ep_dual_decode_in128_out1024_c8,edgexpert-82e3,rocep1s0f0,12183181516,12336054848
p1_q30_tp2pp2_ep_dual_prefill_in4096_out32_c1,edgexpert-7afa,roceP2p1s0f0,309683776,304000564
p1_q30_tp2pp2_ep_dual_prefill_in4096_out32_c1,edgexpert-7afa,rocep1s0f0,489370468,481820644
p1_q30_tp2pp2_ep_dual_prefill_in4096_out32_c1,edgexpert-7d4c,roceP2p1s0f0,333185280,338877232
p1_q30_tp2pp2_ep_dual_prefill_in4096_out32_c1,edgexpert-7d4c,rocep1s0f0,514356380,521897088
p1_q30_tp2pp2_ep_dual_prefill_in4096_out32_c1,edgexpert-8277,roceP2p1s0f0,309690660,303982712
p1_q30_tp2pp2_ep_dual_prefill_in4096_out32_c1,edgexpert-8277,rocep1s0f0,489394152,481834660
p1_q30_tp2pp2_ep_dual_prefill_in4096_out32_c1,edgexpert-82e3,roceP2p1s0f0,333187136,338886344
p1_q30_tp2pp2_ep_dual_prefill_in4096_out32_c1,edgexpert-82e3,rocep1s0f0,514323580,521892188
p1_q30_tp2pp2_ep_dual_prefill_in4096_out32_c8,edgexpert-7afa,roceP2p1s0f0,264460572,264462620
p1_q30_tp2pp2_ep_dual_prefill_in4096_out32_c8,edgexpert-7afa,rocep1s0f0,331880564,325949900
p1_q30_tp2pp2_ep_dual_prefill_in4096_out32_c8,edgexpert-7d4c,roceP2p1s0f0,353931992,353938812
p1_q30_tp2pp2_ep_dual_prefill_in4096_out32_c8,edgexpert-7d4c,rocep1s0f0,420308816,426242888
p1_q30_tp2pp2_ep_dual_prefill_in4096_out32_c8,edgexpert-8277,roceP2p1s0f0,264462616,264460572
p1_q30_tp2pp2_ep_dual_prefill_in4096_out32_c8,edgexpert-8277,rocep1s0f0,331875020,325943488
p1_q30_tp2pp2_ep_dual_prefill_in4096_out32_c8,edgexpert-82e3,roceP2p1s0f0,353938812,353931992
p1_q30_tp2pp2_ep_dual_prefill_in4096_out32_c8,edgexpert-82e3,rocep1s0f0,420317772,426245892
p1_q30_tp4_dual_decode_in128_out1024_c1,edgexpert-7afa,roceP2p1s0f0,1971731168,1971734644
p1_q30_tp4_dual_decode_in128_out1024_c1,edgexpert-7afa,rocep1s0f0,22207835444,22207742008
p1_q30_tp4_dual_decode_in128_out1024_c1,edgexpert-7d4c,roceP2p1s0f0,1975757528,1975755608
p1_q30_tp4_dual_decode_in128_out1024_c1,edgexpert-7d4c,rocep1s0f0,22220656892,22221200384
p1_q30_tp4_dual_decode_in128_out1024_c1,edgexpert-8277,roceP2p1s0f0,1976296304,1976294936
p1_q30_tp4_dual_decode_in128_out1024_c1,edgexpert-8277,rocep1s0f0,22168280684,22168001496
p1_q30_tp4_dual_decode_in128_out1024_c1,edgexpert-82e3,roceP2p1s0f0,1980319372,1980319188
p1_q30_tp4_dual_decode_in128_out1024_c1,edgexpert-82e3,rocep1s0f0,22181366436,22181195568
p1_q30_tp4_dual_decode_in128_out1024_c32,edgexpert-7afa,roceP2p1s0f0,51045249784,51045040096
p1_q30_tp4_dual_decode_in128_out1024_c32,edgexpert-7afa,rocep1s0f0,57974704524,57974447660
p1_q30_tp4_dual_decode_in128_out1024_c32,edgexpert-7d4c,roceP2p1s0f0,51002674512,51003190724
p1_q30_tp4_dual_decode_in128_out1024_c32,edgexpert-7d4c,rocep1s0f0,57937404624,57938166668
p1_q30_tp4_dual_decode_in128_out1024_c32,edgexpert-8277,roceP2p1s0f0,50964846540,50965659116
p1_q30_tp4_dual_decode_in128_out1024_c32,edgexpert-8277,rocep1s0f0,57878586228,57879371148
p1_q30_tp4_dual_decode_in128_out1024_c32,edgexpert-82e3,roceP2p1s0f0,50923600056,50922480956
p1_q30_tp4_dual_decode_in128_out1024_c32,edgexpert-82e3,rocep1s0f0,57842833284,57841543192
p1_q30_tp4_dual_decode_in128_out1024_c8,edgexpert-7afa,roceP2p1s0f0,26593098728,26592857920
p1_q30_tp4_dual_decode_in128_out1024_c8,edgexpert-7afa,rocep1s0f0,33541666720,33541275624
p1_q30_tp4_dual_decode_in128_out1024_c8,edgexpert-7d4c,roceP2p1s0f0,26586761564,26586106904
p1_q30_tp4_dual_decode_in128_out1024_c8,edgexpert-7d4c,rocep1s0f0,33534349820,33533952896
p1_q30_tp4_dual_decode_in128_out1024_c8,edgexpert-8277,roceP2p1s0f0,26605404936,26606423720
p1_q30_tp4_dual_decode_in128_out1024_c8,edgexpert-8277,rocep1s0f0,33534490564,33535651080
p1_q30_tp4_dual_decode_in128_out1024_c8,edgexpert-82e3,roceP2p1s0f0,26599431900,26599308580
p1_q30_tp4_dual_decode_in128_out1024_c8,edgexpert-82e3,rocep1s0f0,33527937260,33527564760
p1_q30_tp4_dual_prefill_in4096_out32_c1,edgexpert-7afa,roceP2p1s0f0,1011719648,1011748108
p1_q30_tp4_dual_prefill_in4096_out32_c1,edgexpert-7afa,rocep1s0f0,1625469272,1625498536
p1_q30_tp4_dual_prefill_in4096_out32_c1,edgexpert-7d4c,roceP2p1s0f0,1011749428,1011771128
p1_q30_tp4_dual_prefill_in4096_out32_c1,edgexpert-7d4c,rocep1s0f0,1626195708,1626203208
p1_q30_tp4_dual_prefill_in4096_out32_c1,edgexpert-8277,roceP2p1s0f0,1011087624,1011066292
p1_q30_tp4_dual_prefill_in4096_out32_c1,edgexpert-8277,rocep1s0f0,1623015160,1622995072
p1_q30_tp4_dual_prefill_in4096_out32_c1,edgexpert-82e3,roceP2p1s0f0,1011117772,1011088940
p1_q30_tp4_dual_prefill_in4096_out32_c1,edgexpert-82e3,rocep1s0f0,1623729012,1623712332
p1_q30_tp4_dual_prefill_in4096_out32_c8,edgexpert-7afa,roceP2p1s0f0,979950880,979943752
p1_q30_tp4_dual_prefill_in4096_out32_c8,edgexpert-7afa,rocep1s0f0,1198640672,1198636580
p1_q30_tp4_dual_prefill_in4096_out32_c8,edgexpert-7d4c,roceP2p1s0f0,979892316,979864848
p1_q30_tp4_dual_prefill_in4096_out32_c8,edgexpert-7d4c,rocep1s0f0,1198759916,1198737164
p1_q30_tp4_dual_prefill_in4096_out32_c8,edgexpert-8277,roceP2p1s0f0,979726396,979764032
p1_q30_tp4_dual_prefill_in4096_out32_c8,edgexpert-8277,rocep1s0f0,1197699612,1197736128
p1_q30_tp4_dual_prefill_in4096_out32_c8,edgexpert-82e3,roceP2p1s0f0,979678000,979674964
p1_q30_tp4_dual_prefill_in4096_out32_c8,edgexpert-82e3,rocep1s0f0,1197832620,1197822948
p1_q30_tp4_ep_dual_decode_in128_out1024_c1,edgexpert-7afa,roceP2p1s0f0,1971919304,1971923460
p1_q30_tp4_ep_dual_decode_in128_out1024_c1,edgexpert-7afa,rocep1s0f0,22148899024,22149049376
p1_q30_tp4_ep_dual_decode_in128_out1024_c1,edgexpert-7d4c,roceP2p1s0f0,1971913508,1971909852
p1_q30_tp4_ep_dual_decode_in128_out1024_c1,edgexpert-7d4c,rocep1s0f0,22137753216,22137965132
p1_q30_tp4_ep_dual_decode_in128_out1024_c1,edgexpert-8277,roceP2p1s0f0,1977617260,1977616020
p1_q30_tp4_ep_dual_decode_in128_out1024_c1,edgexpert-8277,rocep1s0f0,22092297196,22092208476
p1_q30_tp4_ep_dual_decode_in128_out1024_c1,edgexpert-82e3,roceP2p1s0f0,1977606572,1977607316
p1_q30_tp4_ep_dual_decode_in128_out1024_c1,edgexpert-82e3,rocep1s0f0,22081274584,22081001036
p1_q30_tp4_ep_dual_decode_in128_out1024_c32,edgexpert-7afa,roceP2p1s0f0,51089818396,51088917100
p1_q30_tp4_ep_dual_decode_in128_out1024_c32,edgexpert-7afa,rocep1s0f0,58003384060,58002589904
p1_q30_tp4_ep_dual_decode_in128_out1024_c32,edgexpert-7d4c,roceP2p1s0f0,51077899984,51078875368
p1_q30_tp4_ep_dual_decode_in128_out1024_c32,edgexpert-7d4c,rocep1s0f0,57989117472,57990144996
p1_q30_tp4_ep_dual_decode_in128_out1024_c32,edgexpert-8277,roceP2p1s0f0,51017259544,51017565392
p1_q30_tp4_ep_dual_decode_in128_out1024_c32,edgexpert-8277,rocep1s0f0,57910173944,57910351204
p1_q30_tp4_ep_dual_decode_in128_out1024_c32,edgexpert-82e3,roceP2p1s0f0,51006622360,51006242424
p1_q30_tp4_ep_dual_decode_in128_out1024_c32,edgexpert-82e3,rocep1s0f0,57897112136,57896701512
p1_q30_tp4_ep_dual_decode_in128_out1024_c8,edgexpert-7afa,roceP2p1s0f0,26553815024,26554465280
p1_q30_tp4_ep_dual_decode_in128_out1024_c8,edgexpert-7afa,rocep1s0f0,33476041376,33476749292
p1_q30_tp4_ep_dual_decode_in128_out1024_c8,edgexpert-7d4c,roceP2p1s0f0,26555015696,26554783320
p1_q30_tp4_ep_dual_decode_in128_out1024_c8,edgexpert-7d4c,rocep1s0f0,33472957016,33472854344
p1_q30_tp4_ep_dual_decode_in128_out1024_c8,edgexpert-8277,roceP2p1s0f0,26556958844,26556901308
p1_q30_tp4_ep_dual_decode_in128_out1024_c8,edgexpert-8277,rocep1s0f0,33455550520,33455474260
p1_q30_tp4_ep_dual_decode_in128_out1024_c8,edgexpert-82e3,roceP2p1s0f0,26557869604,26557509260
p1_q30_tp4_ep_dual_decode_in128_out1024_c8,edgexpert-82e3,rocep1s0f0,33452287232,33451758248
p1_q30_tp4_ep_dual_prefill_in4096_out32_c1,edgexpert-7afa,roceP2p1s0f0,1011481872,1011466004
p1_q30_tp4_ep_dual_prefill_in4096_out32_c1,edgexpert-7afa,rocep1s0f0,1623051252,1623029736
p1_q30_tp4_ep_dual_prefill_in4096_out32_c1,edgexpert-7d4c,roceP2p1s0f0,1011443812,1011544500
p1_q30_tp4_ep_dual_prefill_in4096_out32_c1,edgexpert-7d4c,rocep1s0f0,1622649364,1622766112
p1_q30_tp4_ep_dual_prefill_in4096_out32_c1,edgexpert-8277,roceP2p1s0f0,1011349804,1011314212
p1_q30_tp4_ep_dual_prefill_in4096_out32_c1,edgexpert-8277,rocep1s0f0,1621130328,1621097468
p1_q30_tp4_ep_dual_prefill_in4096_out32_c1,edgexpert-82e3,roceP2p1s0f0,1011376840,1011327612
p1_q30_tp4_ep_dual_prefill_in4096_out32_c1,edgexpert-82e3,rocep1s0f0,1620812328,1620749956
p1_q30_tp4_ep_dual_prefill_in4096_out32_c8,edgexpert-7afa,roceP2p1s0f0,971285852,971310896
p1_q30_tp4_ep_dual_prefill_in4096_out32_c8,edgexpert-7afa,rocep1s0f0,1187507756,1187536400
p1_q30_tp4_ep_dual_prefill_in4096_out32_c8,edgexpert-7d4c,roceP2p1s0f0,971214092,971200576
p1_q30_tp4_ep_dual_prefill_in4096_out32_c8,edgexpert-7d4c,rocep1s0f0,1187481660,1187473912
p1_q30_tp4_ep_dual_prefill_in4096_out32_c8,edgexpert-8277,roceP2p1s0f0,970927948,970927764
p1_q30_tp4_ep_dual_prefill_in4096_out32_c8,edgexpert-8277,rocep1s0f0,1186578068,1186567896
p1_q30_tp4_ep_dual_prefill_in4096_out32_c8,edgexpert-82e3,roceP2p1s0f0,970842488,970831144
p1_q30_tp4_ep_dual_prefill_in4096_out32_c8,edgexpert-82e3,rocep1s0f0,1186534052,1186523324
p1_q30_tp4_tcp_decode_in128_out1024_c1,edgexpert-7afa,roceP2p1s0f0,0,0
p1_q30_tp4_tcp_decode_in128_out1024_c1,edgexpert-7afa,rocep1s0f0,0,0
p1_q30_tp4_tcp_decode_in128_out1024_c1,edgexpert-7d4c,roceP2p1s0f0,0,0
p1_q30_tp4_tcp_decode_in128_out1024_c1,edgexpert-7d4c,rocep1s0f0,0,0
p1_q30_tp4_tcp_decode_in128_out1024_c1,edgexpert-8277,roceP2p1s0f0,0,0
p1_q30_tp4_tcp_decode_in128_out1024_c1,edgexpert-8277,rocep1s0f0,0,0
p1_q30_tp4_tcp_decode_in128_out1024_c1,edgexpert-82e3,roceP2p1s0f0,0,0
p1_q30_tp4_tcp_decode_in128_out1024_c1,edgexpert-82e3,rocep1s0f0,0,0
p1_q30_tp4_tcp_decode_in128_out1024_c32,edgexpert-7afa,roceP2p1s0f0,0,0
p1_q30_tp4_tcp_decode_in128_out1024_c32,edgexpert-7afa,rocep1s0f0,0,0
p1_q30_tp4_tcp_decode_in128_out1024_c32,edgexpert-7d4c,roceP2p1s0f0,0,0
p1_q30_tp4_tcp_decode_in128_out1024_c32,edgexpert-7d4c,rocep1s0f0,0,0
p1_q30_tp4_tcp_decode_in128_out1024_c32,edgexpert-8277,roceP2p1s0f0,0,0
p1_q30_tp4_tcp_decode_in128_out1024_c32,edgexpert-8277,rocep1s0f0,0,0
p1_q30_tp4_tcp_decode_in128_out1024_c32,edgexpert-82e3,roceP2p1s0f0,0,0
p1_q30_tp4_tcp_decode_in128_out1024_c32,edgexpert-82e3,rocep1s0f0,0,0
p1_q30_tp4_tcp_decode_in128_out1024_c8,edgexpert-7afa,roceP2p1s0f0,0,0
p1_q30_tp4_tcp_decode_in128_out1024_c8,edgexpert-7afa,rocep1s0f0,0,0
p1_q30_tp4_tcp_decode_in128_out1024_c8,edgexpert-7d4c,roceP2p1s0f0,0,0
p1_q30_tp4_tcp_decode_in128_out1024_c8,edgexpert-7d4c,rocep1s0f0,0,0
p1_q30_tp4_tcp_decode_in128_out1024_c8,edgexpert-8277,roceP2p1s0f0,0,0
p1_q30_tp4_tcp_decode_in128_out1024_c8,edgexpert-8277,rocep1s0f0,0,0
p1_q30_tp4_tcp_decode_in128_out1024_c8,edgexpert-82e3,roceP2p1s0f0,0,0
p1_q30_tp4_tcp_decode_in128_out1024_c8,edgexpert-82e3,rocep1s0f0,0,0
p1_q30_tp4_tcp_prefill_in4096_out32_c1,edgexpert-7afa,roceP2p1s0f0,0,0
p1_q30_tp4_tcp_prefill_in4096_out32_c1,edgexpert-7afa,rocep1s0f0,0,0
p1_q30_tp4_tcp_prefill_in4096_out32_c1,edgexpert-7d4c,roceP2p1s0f0,0,0
p1_q30_tp4_tcp_prefill_in4096_out32_c1,edgexpert-7d4c,rocep1s0f0,0,0
p1_q30_tp4_tcp_prefill_in4096_out32_c1,edgexpert-8277,roceP2p1s0f0,0,0
p1_q30_tp4_tcp_prefill_in4096_out32_c1,edgexpert-8277,rocep1s0f0,0,0
p1_q30_tp4_tcp_prefill_in4096_out32_c1,edgexpert-82e3,roceP2p1s0f0,0,0
p1_q30_tp4_tcp_prefill_in4096_out32_c1,edgexpert-82e3,rocep1s0f0,0,0
p1_q30_tp4_tcp_prefill_in4096_out32_c8,edgexpert-7afa,roceP2p1s0f0,0,0
p1_q30_tp4_tcp_prefill_in4096_out32_c8,edgexpert-7afa,rocep1s0f0,0,0
p1_q30_tp4_tcp_prefill_in4096_out32_c8,edgexpert-7d4c,roceP2p1s0f0,0,0
p1_q30_tp4_tcp_prefill_in4096_out32_c8,edgexpert-7d4c,rocep1s0f0,0,0
p1_q30_tp4_tcp_prefill_in4096_out32_c8,edgexpert-8277,roceP2p1s0f0,0,0
p1_q30_tp4_tcp_prefill_in4096_out32_c8,edgexpert-8277,rocep1s0f0,0,0
p1_q30_tp4_tcp_prefill_in4096_out32_c8,edgexpert-82e3,roceP2p1s0f0,0,0
p1_q30_tp4_tcp_prefill_in4096_out32_c8,edgexpert-82e3,rocep1s0f0,0,0
