run,collective,nodes,mode,rep,transport,size,time_us,algbw,busbw
nccl_all_reduce_perf_np2_dual_rep1,all_reduce,2,dual,1,IB,1024,28.9,0.04,0.04
nccl_all_reduce_perf_np2_dual_rep1,all_reduce,2,dual,1,IB,2048,28.91,0.07,0.07
nccl_all_reduce_perf_np2_dual_rep1,all_reduce,2,dual,1,IB,4096,29.42,0.14,0.14
nccl_all_reduce_perf_np2_dual_rep1,all_reduce,2,dual,1,IB,8192,31.53,0.26,0.26
nccl_all_reduce_perf_np2_dual_rep1,all_reduce,2,dual,1,IB,16384,35.11,0.47,0.47
nccl_all_reduce_perf_np2_dual_rep1,all_reduce,2,dual,1,IB,32768,42.14,0.78,0.78
nccl_all_reduce_perf_np2_dual_rep1,all_reduce,2,dual,1,IB,65536,67.88,0.97,0.97
nccl_all_reduce_perf_np2_dual_rep1,all_reduce,2,dual,1,IB,131072,65.25,2.01,2.01
nccl_all_reduce_perf_np2_dual_rep1,all_reduce,2,dual,1,IB,262144,150.71,1.74,1.74
nccl_all_reduce_perf_np2_dual_rep1,all_reduce,2,dual,1,IB,524288,458.28,1.14,1.14
nccl_all_reduce_perf_np2_dual_rep1,all_reduce,2,dual,1,IB,1048576,1056.65,0.99,0.99
nccl_all_reduce_perf_np2_dual_rep1,all_reduce,2,dual,1,IB,2097152,687.58,3.05,3.05
nccl_all_reduce_perf_np2_dual_rep1,all_reduce,2,dual,1,IB,4194304,691.56,6.07,6.07
nccl_all_reduce_perf_np2_dual_rep1,all_reduce,2,dual,1,IB,8388608,749.25,11.2,11.2
nccl_all_reduce_perf_np2_dual_rep1,all_reduce,2,dual,1,IB,16777216,977.96,17.16,17.16
nccl_all_reduce_perf_np2_dual_rep1,all_reduce,2,dual,1,IB,33554432,1593.1,21.06,21.06
nccl_all_reduce_perf_np2_dual_rep1,all_reduce,2,dual,1,IB,67108864,3230.88,20.77,20.77
nccl_all_reduce_perf_np2_dual_rep1,all_reduce,2,dual,1,IB,134217728,6807.47,19.72,19.72
nccl_all_reduce_perf_np2_dual_rep1,all_reduce,2,dual,1,IB,268435456,13621.9,19.71,19.71
nccl_all_reduce_perf_np2_dual_rep1,all_reduce,2,dual,1,IB,536870912,23461.0,22.88,22.88
nccl_all_reduce_perf_np2_dual_rep1,all_reduce,2,dual,1,IB,1073741824,45397.6,23.65,23.65
nccl_all_reduce_perf_np2_dual_rep2,all_reduce,2,dual,2,IB,1024,29.33,0.03,0.03
nccl_all_reduce_perf_np2_dual_rep2,all_reduce,2,dual,2,IB,2048,30.74,0.07,0.07
nccl_all_reduce_perf_np2_dual_rep2,all_reduce,2,dual,2,IB,4096,31.32,0.13,0.13
nccl_all_reduce_perf_np2_dual_rep2,all_reduce,2,dual,2,IB,8192,33.43,0.25,0.25
nccl_all_reduce_perf_np2_dual_rep2,all_reduce,2,dual,2,IB,16384,36.13,0.45,0.45
nccl_all_reduce_perf_np2_dual_rep2,all_reduce,2,dual,2,IB,32768,59.26,0.55,0.55
nccl_all_reduce_perf_np2_dual_rep2,all_reduce,2,dual,2,IB,65536,70.42,0.93,0.93
nccl_all_reduce_perf_np2_dual_rep2,all_reduce,2,dual,2,IB,131072,76.7,1.71,1.71
nccl_all_reduce_perf_np2_dual_rep2,all_reduce,2,dual,2,IB,262144,145.19,1.81,1.81
nccl_all_reduce_perf_np2_dual_rep2,all_reduce,2,dual,2,IB,524288,425.59,1.23,1.23
nccl_all_reduce_perf_np2_dual_rep2,all_reduce,2,dual,2,IB,1048576,1042.56,1.01,1.01
nccl_all_reduce_perf_np2_dual_rep2,all_reduce,2,dual,2,IB,2097152,674.25,3.11,3.11
nccl_all_reduce_perf_np2_dual_rep2,all_reduce,2,dual,2,IB,4194304,690.22,6.08,6.08
nccl_all_reduce_perf_np2_dual_rep2,all_reduce,2,dual,2,IB,8388608,750.85,11.17,11.17
nccl_all_reduce_perf_np2_dual_rep2,all_reduce,2,dual,2,IB,16777216,999.04,16.79,16.79
nccl_all_reduce_perf_np2_dual_rep2,all_reduce,2,dual,2,IB,33554432,1584.57,21.18,21.18
nccl_all_reduce_perf_np2_dual_rep2,all_reduce,2,dual,2,IB,67108864,3228.91,20.78,20.78
nccl_all_reduce_perf_np2_dual_rep2,all_reduce,2,dual,2,IB,134217728,6833.9,19.64,19.64
nccl_all_reduce_perf_np2_dual_rep2,all_reduce,2,dual,2,IB,268435456,12797.6,20.98,20.98
nccl_all_reduce_perf_np2_dual_rep2,all_reduce,2,dual,2,IB,536870912,23518.3,22.83,22.83
nccl_all_reduce_perf_np2_dual_rep2,all_reduce,2,dual,2,IB,1073741824,45465.9,23.62,23.62
nccl_all_reduce_perf_np2_dual_rep3,all_reduce,2,dual,3,IB,1024,30.22,0.03,0.03
nccl_all_reduce_perf_np2_dual_rep3,all_reduce,2,dual,3,IB,2048,30.74,0.07,0.07
nccl_all_reduce_perf_np2_dual_rep3,all_reduce,2,dual,3,IB,4096,34.44,0.12,0.12
nccl_all_reduce_perf_np2_dual_rep3,all_reduce,2,dual,3,IB,8192,39.92,0.21,0.21
nccl_all_reduce_perf_np2_dual_rep3,all_reduce,2,dual,3,IB,16384,35.47,0.46,0.46
nccl_all_reduce_perf_np2_dual_rep3,all_reduce,2,dual,3,IB,32768,50.79,0.65,0.65
nccl_all_reduce_perf_np2_dual_rep3,all_reduce,2,dual,3,IB,65536,70.64,0.93,0.93
nccl_all_reduce_perf_np2_dual_rep3,all_reduce,2,dual,3,IB,131072,74.87,1.75,1.75
nccl_all_reduce_perf_np2_dual_rep3,all_reduce,2,dual,3,IB,262144,142.12,1.84,1.84
nccl_all_reduce_perf_np2_dual_rep3,all_reduce,2,dual,3,IB,524288,473.36,1.11,1.11
nccl_all_reduce_perf_np2_dual_rep3,all_reduce,2,dual,3,IB,1048576,1012.72,1.04,1.04
nccl_all_reduce_perf_np2_dual_rep3,all_reduce,2,dual,3,IB,2097152,658.32,3.19,3.19
nccl_all_reduce_perf_np2_dual_rep3,all_reduce,2,dual,3,IB,4194304,698.07,6.01,6.01
nccl_all_reduce_perf_np2_dual_rep3,all_reduce,2,dual,3,IB,8388608,754.42,11.12,11.12
nccl_all_reduce_perf_np2_dual_rep3,all_reduce,2,dual,3,IB,16777216,975.5,17.2,17.2
nccl_all_reduce_perf_np2_dual_rep3,all_reduce,2,dual,3,IB,33554432,1598.56,20.99,20.99
nccl_all_reduce_perf_np2_dual_rep3,all_reduce,2,dual,3,IB,67108864,3252.62,20.63,20.63
nccl_all_reduce_perf_np2_dual_rep3,all_reduce,2,dual,3,IB,134217728,6873.49,19.53,19.53
nccl_all_reduce_perf_np2_dual_rep3,all_reduce,2,dual,3,IB,268435456,12850.2,20.89,20.89
nccl_all_reduce_perf_np2_dual_rep3,all_reduce,2,dual,3,IB,536870912,23604.7,22.74,22.74
nccl_all_reduce_perf_np2_dual_rep3,all_reduce,2,dual,3,IB,1073741824,45452.1,23.62,23.62
nccl_all_reduce_perf_np2_single_rep1,all_reduce,2,single,1,IB,1024,28.42,0.04,0.04
nccl_all_reduce_perf_np2_single_rep1,all_reduce,2,single,1,IB,2048,37.49,0.05,0.05
nccl_all_reduce_perf_np2_single_rep1,all_reduce,2,single,1,IB,4096,28.81,0.14,0.14
nccl_all_reduce_perf_np2_single_rep1,all_reduce,2,single,1,IB,8192,30.1,0.27,0.27
nccl_all_reduce_perf_np2_single_rep1,all_reduce,2,single,1,IB,16384,34.41,0.48,0.48
nccl_all_reduce_perf_np2_single_rep1,all_reduce,2,single,1,IB,32768,40.53,0.81,0.81
nccl_all_reduce_perf_np2_single_rep1,all_reduce,2,single,1,IB,65536,68.43,0.96,0.96
nccl_all_reduce_perf_np2_single_rep1,all_reduce,2,single,1,IB,131072,64.41,2.04,2.04
nccl_all_reduce_perf_np2_single_rep1,all_reduce,2,single,1,IB,262144,151.19,1.73,1.73
nccl_all_reduce_perf_np2_single_rep1,all_reduce,2,single,1,IB,524288,501.42,1.05,1.05
nccl_all_reduce_perf_np2_single_rep1,all_reduce,2,single,1,IB,1048576,1041.25,1.01,1.01
nccl_all_reduce_perf_np2_single_rep1,all_reduce,2,single,1,IB,2097152,710.63,2.95,2.95
nccl_all_reduce_perf_np2_single_rep1,all_reduce,2,single,1,IB,4194304,729.12,5.75,5.75
nccl_all_reduce_perf_np2_single_rep1,all_reduce,2,single,1,IB,8388608,889.36,9.43,9.43
nccl_all_reduce_perf_np2_single_rep1,all_reduce,2,single,1,IB,16777216,1426.24,11.76,11.76
nccl_all_reduce_perf_np2_single_rep1,all_reduce,2,single,1,IB,33554432,2735.88,12.26,12.26
nccl_all_reduce_perf_np2_single_rep1,all_reduce,2,single,1,IB,67108864,5674.69,11.83,11.83
nccl_all_reduce_perf_np2_single_rep1,all_reduce,2,single,1,IB,134217728,11801.1,11.37,11.37
nccl_all_reduce_perf_np2_single_rep1,all_reduce,2,single,1,IB,268435456,21526.0,12.47,12.47
nccl_all_reduce_perf_np2_single_rep1,all_reduce,2,single,1,IB,536870912,39357.1,13.64,13.64
nccl_all_reduce_perf_np2_single_rep1,all_reduce,2,single,1,IB,1073741824,77746.3,13.81,13.81
nccl_all_reduce_perf_np2_single_rep2,all_reduce,2,single,2,IB,1024,124.27,0.01,0.01
nccl_all_reduce_perf_np2_single_rep2,all_reduce,2,single,2,IB,2048,30.54,0.07,0.07
nccl_all_reduce_perf_np2_single_rep2,all_reduce,2,single,2,IB,4096,31.88,0.13,0.13
nccl_all_reduce_perf_np2_single_rep2,all_reduce,2,single,2,IB,8192,39.7,0.21,0.21
nccl_all_reduce_perf_np2_single_rep2,all_reduce,2,single,2,IB,16384,35.89,0.46,0.46
nccl_all_reduce_perf_np2_single_rep2,all_reduce,2,single,2,IB,32768,44.23,0.74,0.74
nccl_all_reduce_perf_np2_single_rep2,all_reduce,2,single,2,IB,65536,79.25,0.83,0.83
nccl_all_reduce_perf_np2_single_rep2,all_reduce,2,single,2,IB,131072,80.04,1.64,1.64
nccl_all_reduce_perf_np2_single_rep2,all_reduce,2,single,2,IB,262144,146.94,1.78,1.78
nccl_all_reduce_perf_np2_single_rep2,all_reduce,2,single,2,IB,524288,475.83,1.1,1.1
nccl_all_reduce_perf_np2_single_rep2,all_reduce,2,single,2,IB,1048576,1058.56,0.99,0.99
nccl_all_reduce_perf_np2_single_rep2,all_reduce,2,single,2,IB,2097152,683.09,3.07,3.07
nccl_all_reduce_perf_np2_single_rep2,all_reduce,2,single,2,IB,4194304,760.11,5.52,5.52
nccl_all_reduce_perf_np2_single_rep2,all_reduce,2,single,2,IB,8388608,872.14,9.62,9.62
nccl_all_reduce_perf_np2_single_rep2,all_reduce,2,single,2,IB,16777216,1413.48,11.87,11.87
nccl_all_reduce_perf_np2_single_rep2,all_reduce,2,single,2,IB,33554432,2724.33,12.32,12.32
nccl_all_reduce_perf_np2_single_rep2,all_reduce,2,single,2,IB,67108864,5554.89,12.08,12.08
nccl_all_reduce_perf_np2_single_rep2,all_reduce,2,single,2,IB,134217728,11477.6,11.69,11.69
nccl_all_reduce_perf_np2_single_rep2,all_reduce,2,single,2,IB,268435456,21407.5,12.54,12.54
nccl_all_reduce_perf_np2_single_rep2,all_reduce,2,single,2,IB,536870912,39264.2,13.67,13.67
nccl_all_reduce_perf_np2_single_rep2,all_reduce,2,single,2,IB,1073741824,77684.9,13.82,13.82
nccl_all_reduce_perf_np2_single_rep3,all_reduce,2,single,3,IB,1024,116.92,0.01,0.01
nccl_all_reduce_perf_np2_single_rep3,all_reduce,2,single,3,IB,2048,35.32,0.06,0.06
nccl_all_reduce_perf_np2_single_rep3,all_reduce,2,single,3,IB,4096,29.76,0.14,0.14
nccl_all_reduce_perf_np2_single_rep3,all_reduce,2,single,3,IB,8192,40.01,0.2,0.2
nccl_all_reduce_perf_np2_single_rep3,all_reduce,2,single,3,IB,16384,34.53,0.47,0.47
nccl_all_reduce_perf_np2_single_rep3,all_reduce,2,single,3,IB,32768,43.7,0.75,0.75
nccl_all_reduce_perf_np2_single_rep3,all_reduce,2,single,3,IB,65536,78.8,0.83,0.83
nccl_all_reduce_perf_np2_single_rep3,all_reduce,2,single,3,IB,131072,79.42,1.65,1.65
nccl_all_reduce_perf_np2_single_rep3,all_reduce,2,single,3,IB,262144,149.35,1.76,1.76
nccl_all_reduce_perf_np2_single_rep3,all_reduce,2,single,3,IB,524288,496.26,1.06,1.06
nccl_all_reduce_perf_np2_single_rep3,all_reduce,2,single,3,IB,1048576,1001.66,1.05,1.05
nccl_all_reduce_perf_np2_single_rep3,all_reduce,2,single,3,IB,2097152,715.41,2.93,2.93
nccl_all_reduce_perf_np2_single_rep3,all_reduce,2,single,3,IB,4194304,728.0,5.76,5.76
nccl_all_reduce_perf_np2_single_rep3,all_reduce,2,single,3,IB,8388608,875.1,9.59,9.59
nccl_all_reduce_perf_np2_single_rep3,all_reduce,2,single,3,IB,16777216,1412.04,11.88,11.88
nccl_all_reduce_perf_np2_single_rep3,all_reduce,2,single,3,IB,33554432,2688.27,12.48,12.48
nccl_all_reduce_perf_np2_single_rep3,all_reduce,2,single,3,IB,67108864,5651.95,11.87,11.87
nccl_all_reduce_perf_np2_single_rep3,all_reduce,2,single,3,IB,134217728,11648.2,11.52,11.52
nccl_all_reduce_perf_np2_single_rep3,all_reduce,2,single,3,IB,268435456,21789.0,12.32,12.32
nccl_all_reduce_perf_np2_single_rep3,all_reduce,2,single,3,IB,536870912,39247.3,13.68,13.68
nccl_all_reduce_perf_np2_single_rep3,all_reduce,2,single,3,IB,1073741824,77698.8,13.82,13.82
nccl_all_reduce_perf_np2_tcp_rep1,all_reduce,2,tcp,1,Socket,1024,410.53,0.0,0.0
nccl_all_reduce_perf_np2_tcp_rep1,all_reduce,2,tcp,1,Socket,2048,429.11,0.0,0.0
nccl_all_reduce_perf_np2_tcp_rep1,all_reduce,2,tcp,1,Socket,4096,487.74,0.01,0.01
nccl_all_reduce_perf_np2_tcp_rep1,all_reduce,2,tcp,1,Socket,8192,478.16,0.02,0.02
nccl_all_reduce_perf_np2_tcp_rep1,all_reduce,2,tcp,1,Socket,16384,443.52,0.04,0.04
nccl_all_reduce_perf_np2_tcp_rep1,all_reduce,2,tcp,1,Socket,32768,447.41,0.07,0.07
nccl_all_reduce_perf_np2_tcp_rep1,all_reduce,2,tcp,1,Socket,65536,586.69,0.11,0.11
nccl_all_reduce_perf_np2_tcp_rep1,all_reduce,2,tcp,1,Socket,131072,748.96,0.18,0.18
nccl_all_reduce_perf_np2_tcp_rep1,all_reduce,2,tcp,1,Socket,262144,1483.08,0.18,0.18
nccl_all_reduce_perf_np2_tcp_rep1,all_reduce,2,tcp,1,Socket,524288,2004.4,0.26,0.26
nccl_all_reduce_perf_np2_tcp_rep1,all_reduce,2,tcp,1,Socket,1048576,3936.89,0.27,0.27
nccl_all_reduce_perf_np2_tcp_rep1,all_reduce,2,tcp,1,Socket,2097152,5512.42,0.38,0.38
nccl_all_reduce_perf_np2_tcp_rep1,all_reduce,2,tcp,1,Socket,4194304,6738.1,0.62,0.62
nccl_all_reduce_perf_np2_tcp_rep1,all_reduce,2,tcp,1,Socket,8388608,8828.32,0.95,0.95
nccl_all_reduce_perf_np2_tcp_rep1,all_reduce,2,tcp,1,Socket,16777216,15793.1,1.06,1.06
nccl_all_reduce_perf_np2_tcp_rep1,all_reduce,2,tcp,1,Socket,33554432,24399.5,1.38,1.38
nccl_all_reduce_perf_np2_tcp_rep1,all_reduce,2,tcp,1,Socket,67108864,38897.8,1.73,1.73
nccl_all_reduce_perf_np2_tcp_rep1,all_reduce,2,tcp,1,Socket,134217728,68376.6,1.96,1.96
nccl_all_reduce_perf_np2_tcp_rep1,all_reduce,2,tcp,1,Socket,268435456,125672.0,2.14,2.14
nccl_all_reduce_perf_np2_tcp_rep1,all_reduce,2,tcp,1,Socket,536870912,249227.0,2.15,2.15
nccl_all_reduce_perf_np2_tcp_rep1,all_reduce,2,tcp,1,Socket,1073741824,494861.0,2.17,2.17
nccl_all_reduce_perf_np2_tcp_rep2,all_reduce,2,tcp,2,Socket,1024,165.9,0.01,0.01
nccl_all_reduce_perf_np2_tcp_rep2,all_reduce,2,tcp,2,Socket,2048,242.71,0.01,0.01
nccl_all_reduce_perf_np2_tcp_rep2,all_reduce,2,tcp,2,Socket,4096,199.38,0.02,0.02
nccl_all_reduce_perf_np2_tcp_rep2,all_reduce,2,tcp,2,Socket,8192,175.16,0.05,0.05
nccl_all_reduce_perf_np2_tcp_rep2,all_reduce,2,tcp,2,Socket,16384,240.14,0.07,0.07
nccl_all_reduce_perf_np2_tcp_rep2,all_reduce,2,tcp,2,Socket,32768,517.42,0.06,0.06
nccl_all_reduce_perf_np2_tcp_rep2,all_reduce,2,tcp,2,Socket,65536,572.36,0.11,0.11
nccl_all_reduce_perf_np2_tcp_rep2,all_reduce,2,tcp,2,Socket,131072,732.6,0.18,0.18
nccl_all_reduce_perf_np2_tcp_rep2,all_reduce,2,tcp,2,Socket,262144,1429.26,0.18,0.18
nccl_all_reduce_perf_np2_tcp_rep2,all_reduce,2,tcp,2,Socket,524288,2003.65,0.26,0.26
nccl_all_reduce_perf_np2_tcp_rep2,all_reduce,2,tcp,2,Socket,1048576,4019.94,0.26,0.26
nccl_all_reduce_perf_np2_tcp_rep2,all_reduce,2,tcp,2,Socket,2097152,5672.17,0.37,0.37
nccl_all_reduce_perf_np2_tcp_rep2,all_reduce,2,tcp,2,Socket,4194304,7048.98,0.6,0.6
nccl_all_reduce_perf_np2_tcp_rep2,all_reduce,2,tcp,2,Socket,8388608,9417.24,0.89,0.89
nccl_all_reduce_perf_np2_tcp_rep2,all_reduce,2,tcp,2,Socket,16777216,16771.1,1.0,1.0
nccl_all_reduce_perf_np2_tcp_rep2,all_reduce,2,tcp,2,Socket,33554432,26171.1,1.28,1.28
nccl_all_reduce_perf_np2_tcp_rep2,all_reduce,2,tcp,2,Socket,67108864,41599.2,1.61,1.61
nccl_all_reduce_perf_np2_tcp_rep2,all_reduce,2,tcp,2,Socket,134217728,71627.1,1.87,1.87
nccl_all_reduce_perf_np2_tcp_rep2,all_reduce,2,tcp,2,Socket,268435456,134238.0,2.0,2.0
nccl_all_reduce_perf_np2_tcp_rep2,all_reduce,2,tcp,2,Socket,536870912,258080.0,2.08,2.08
nccl_all_reduce_perf_np2_tcp_rep2,all_reduce,2,tcp,2,Socket,1073741824,506619.0,2.12,2.12
nccl_all_reduce_perf_np2_tcp_rep3,all_reduce,2,tcp,3,Socket,1024,289.37,0.0,0.0
nccl_all_reduce_perf_np2_tcp_rep3,all_reduce,2,tcp,3,Socket,2048,301.29,0.01,0.01
nccl_all_reduce_perf_np2_tcp_rep3,all_reduce,2,tcp,3,Socket,4096,311.35,0.01,0.01
nccl_all_reduce_perf_np2_tcp_rep3,all_reduce,2,tcp,3,Socket,8192,314.42,0.03,0.03
nccl_all_reduce_perf_np2_tcp_rep3,all_reduce,2,tcp,3,Socket,16384,456.93,0.04,0.04
nccl_all_reduce_perf_np2_tcp_rep3,all_reduce,2,tcp,3,Socket,32768,478.89,0.07,0.07
nccl_all_reduce_perf_np2_tcp_rep3,all_reduce,2,tcp,3,Socket,65536,546.61,0.12,0.12
nccl_all_reduce_perf_np2_tcp_rep3,all_reduce,2,tcp,3,Socket,131072,756.03,0.17,0.17
nccl_all_reduce_perf_np2_tcp_rep3,all_reduce,2,tcp,3,Socket,262144,1381.47,0.19,0.19
nccl_all_reduce_perf_np2_tcp_rep3,all_reduce,2,tcp,3,Socket,524288,2046.59,0.26,0.26
nccl_all_reduce_perf_np2_tcp_rep3,all_reduce,2,tcp,3,Socket,1048576,3803.99,0.28,0.28
nccl_all_reduce_perf_np2_tcp_rep3,all_reduce,2,tcp,3,Socket,2097152,5494.98,0.38,0.38
nccl_all_reduce_perf_np2_tcp_rep3,all_reduce,2,tcp,3,Socket,4194304,6858.45,0.61,0.61
nccl_all_reduce_perf_np2_tcp_rep3,all_reduce,2,tcp,3,Socket,8388608,8300.74,1.01,1.01
nccl_all_reduce_perf_np2_tcp_rep3,all_reduce,2,tcp,3,Socket,16777216,15816.9,1.06,1.06
nccl_all_reduce_perf_np2_tcp_rep3,all_reduce,2,tcp,3,Socket,33554432,24666.4,1.36,1.36
nccl_all_reduce_perf_np2_tcp_rep3,all_reduce,2,tcp,3,Socket,67108864,38584.9,1.74,1.74
nccl_all_reduce_perf_np2_tcp_rep3,all_reduce,2,tcp,3,Socket,134217728,68337.7,1.96,1.96
nccl_all_reduce_perf_np2_tcp_rep3,all_reduce,2,tcp,3,Socket,268435456,127977.0,2.1,2.1
nccl_all_reduce_perf_np2_tcp_rep3,all_reduce,2,tcp,3,Socket,536870912,253800.0,2.12,2.12
nccl_all_reduce_perf_np2_tcp_rep3,all_reduce,2,tcp,3,Socket,1073741824,491697.0,2.18,2.18
nccl_all_reduce_perf_np4_dual_rep1,all_reduce,4,dual,1,IB,1024,36.75,0.03,0.04
nccl_all_reduce_perf_np4_dual_rep1,all_reduce,4,dual,1,IB,2048,47.8,0.04,0.06
nccl_all_reduce_perf_np4_dual_rep1,all_reduce,4,dual,1,IB,4096,44.6,0.09,0.14
nccl_all_reduce_perf_np4_dual_rep1,all_reduce,4,dual,1,IB,8192,48.25,0.17,0.25
nccl_all_reduce_perf_np4_dual_rep1,all_reduce,4,dual,1,IB,16384,55.32,0.3,0.44
nccl_all_reduce_perf_np4_dual_rep1,all_reduce,4,dual,1,IB,32768,51.12,0.64,0.96
nccl_all_reduce_perf_np4_dual_rep1,all_reduce,4,dual,1,IB,65536,62.56,1.05,1.57
nccl_all_reduce_perf_np4_dual_rep1,all_reduce,4,dual,1,IB,131072,121.66,1.08,1.62
nccl_all_reduce_perf_np4_dual_rep1,all_reduce,4,dual,1,IB,262144,170.84,1.53,2.3
nccl_all_reduce_perf_np4_dual_rep1,all_reduce,4,dual,1,IB,524288,566.55,0.93,1.39
nccl_all_reduce_perf_np4_dual_rep1,all_reduce,4,dual,1,IB,1048576,1138.68,0.92,1.38
nccl_all_reduce_perf_np4_dual_rep1,all_reduce,4,dual,1,IB,2097152,1244.94,1.68,2.53
nccl_all_reduce_perf_np4_dual_rep1,all_reduce,4,dual,1,IB,4194304,1084.4,3.87,5.8
nccl_all_reduce_perf_np4_dual_rep1,all_reduce,4,dual,1,IB,8388608,1178.65,7.12,10.68
nccl_all_reduce_perf_np4_dual_rep1,all_reduce,4,dual,1,IB,16777216,1353.42,12.4,18.59
nccl_all_reduce_perf_np4_dual_rep1,all_reduce,4,dual,1,IB,33554432,2199.55,15.26,22.88
nccl_all_reduce_perf_np4_dual_rep1,all_reduce,4,dual,1,IB,67108864,4392.34,15.28,22.92
nccl_all_reduce_perf_np4_dual_rep1,all_reduce,4,dual,1,IB,134217728,8915.46,15.05,22.58
nccl_all_reduce_perf_np4_dual_rep1,all_reduce,4,dual,1,IB,268435456,18811.3,14.27,21.4
nccl_all_reduce_perf_np4_dual_rep1,all_reduce,4,dual,1,IB,536870912,40096.0,13.39,20.08
nccl_all_reduce_perf_np4_dual_rep1,all_reduce,4,dual,1,IB,1073741824,69911.1,15.36,23.04
nccl_all_reduce_perf_np4_dual_rep2,all_reduce,4,dual,2,IB,1024,36.76,0.03,0.04
nccl_all_reduce_perf_np4_dual_rep2,all_reduce,4,dual,2,IB,2048,47.63,0.04,0.06
nccl_all_reduce_perf_np4_dual_rep2,all_reduce,4,dual,2,IB,4096,44.05,0.09,0.14
nccl_all_reduce_perf_np4_dual_rep2,all_reduce,4,dual,2,IB,8192,48.6,0.17,0.25
nccl_all_reduce_perf_np4_dual_rep2,all_reduce,4,dual,2,IB,16384,52.48,0.31,0.47
nccl_all_reduce_perf_np4_dual_rep2,all_reduce,4,dual,2,IB,32768,51.37,0.64,0.96
nccl_all_reduce_perf_np4_dual_rep2,all_reduce,4,dual,2,IB,65536,60.97,1.07,1.61
nccl_all_reduce_perf_np4_dual_rep2,all_reduce,4,dual,2,IB,131072,114.39,1.15,1.72
nccl_all_reduce_perf_np4_dual_rep2,all_reduce,4,dual,2,IB,262144,164.22,1.6,2.39
nccl_all_reduce_perf_np4_dual_rep2,all_reduce,4,dual,2,IB,524288,499.62,1.05,1.57
nccl_all_reduce_perf_np4_dual_rep2,all_reduce,4,dual,2,IB,1048576,1169.78,0.9,1.34
nccl_all_reduce_perf_np4_dual_rep2,all_reduce,4,dual,2,IB,2097152,1225.68,1.71,2.57
nccl_all_reduce_perf_np4_dual_rep2,all_reduce,4,dual,2,IB,4194304,1049.01,4.0,6.0
nccl_all_reduce_perf_np4_dual_rep2,all_reduce,4,dual,2,IB,8388608,1135.0,7.39,11.09
nccl_all_reduce_perf_np4_dual_rep2,all_reduce,4,dual,2,IB,16777216,1320.4,12.71,19.06
nccl_all_reduce_perf_np4_dual_rep2,all_reduce,4,dual,2,IB,33554432,2200.98,15.25,22.87
nccl_all_reduce_perf_np4_dual_rep2,all_reduce,4,dual,2,IB,67108864,4425.77,15.16,22.74
nccl_all_reduce_perf_np4_dual_rep2,all_reduce,4,dual,2,IB,134217728,8797.64,15.26,22.88
nccl_all_reduce_perf_np4_dual_rep2,all_reduce,4,dual,2,IB,268435456,18984.5,14.14,21.21
nccl_all_reduce_perf_np4_dual_rep2,all_reduce,4,dual,2,IB,536870912,38438.7,13.97,20.95
nccl_all_reduce_perf_np4_dual_rep2,all_reduce,4,dual,2,IB,1073741824,69711.1,15.4,23.1
nccl_all_reduce_perf_np4_dual_rep3,all_reduce,4,dual,3,IB,1024,39.01,0.03,0.04
nccl_all_reduce_perf_np4_dual_rep3,all_reduce,4,dual,3,IB,2048,47.76,0.04,0.06
nccl_all_reduce_perf_np4_dual_rep3,all_reduce,4,dual,3,IB,4096,53.27,0.08,0.12
nccl_all_reduce_perf_np4_dual_rep3,all_reduce,4,dual,3,IB,8192,48.89,0.17,0.25
nccl_all_reduce_perf_np4_dual_rep3,all_reduce,4,dual,3,IB,16384,53.88,0.3,0.46
nccl_all_reduce_perf_np4_dual_rep3,all_reduce,4,dual,3,IB,32768,53.92,0.61,0.91
nccl_all_reduce_perf_np4_dual_rep3,all_reduce,4,dual,3,IB,65536,65.39,1.0,1.5
nccl_all_reduce_perf_np4_dual_rep3,all_reduce,4,dual,3,IB,131072,112.03,1.17,1.75
nccl_all_reduce_perf_np4_dual_rep3,all_reduce,4,dual,3,IB,262144,168.94,1.55,2.33
nccl_all_reduce_perf_np4_dual_rep3,all_reduce,4,dual,3,IB,524288,522.41,1.0,1.51
nccl_all_reduce_perf_np4_dual_rep3,all_reduce,4,dual,3,IB,1048576,1159.97,0.9,1.36
nccl_all_reduce_perf_np4_dual_rep3,all_reduce,4,dual,3,IB,2097152,1232.63,1.7,2.55
nccl_all_reduce_perf_np4_dual_rep3,all_reduce,4,dual,3,IB,4194304,1056.74,3.97,5.95
nccl_all_reduce_perf_np4_dual_rep3,all_reduce,4,dual,3,IB,8388608,1145.67,7.32,10.98
nccl_all_reduce_perf_np4_dual_rep3,all_reduce,4,dual,3,IB,16777216,1337.17,12.55,18.82
nccl_all_reduce_perf_np4_dual_rep3,all_reduce,4,dual,3,IB,33554432,2197.02,15.27,22.91
nccl_all_reduce_perf_np4_dual_rep3,all_reduce,4,dual,3,IB,67108864,4383.25,15.31,22.97
nccl_all_reduce_perf_np4_dual_rep3,all_reduce,4,dual,3,IB,134217728,9100.28,14.75,22.12
nccl_all_reduce_perf_np4_dual_rep3,all_reduce,4,dual,3,IB,268435456,18858.9,14.23,21.35
nccl_all_reduce_perf_np4_dual_rep3,all_reduce,4,dual,3,IB,536870912,40220.4,13.35,20.02
nccl_all_reduce_perf_np4_dual_rep3,all_reduce,4,dual,3,IB,1073741824,69390.4,15.47,23.21
nccl_all_reduce_perf_np4_single_rep1,all_reduce,4,single,1,IB,1024,35.53,0.03,0.04
nccl_all_reduce_perf_np4_single_rep1,all_reduce,4,single,1,IB,2048,47.5,0.04,0.06
nccl_all_reduce_perf_np4_single_rep1,all_reduce,4,single,1,IB,4096,44.08,0.09,0.14
nccl_all_reduce_perf_np4_single_rep1,all_reduce,4,single,1,IB,8192,44.95,0.18,0.27
nccl_all_reduce_perf_np4_single_rep1,all_reduce,4,single,1,IB,16384,52.24,0.31,0.47
nccl_all_reduce_perf_np4_single_rep1,all_reduce,4,single,1,IB,32768,63.95,0.51,0.77
nccl_all_reduce_perf_np4_single_rep1,all_reduce,4,single,1,IB,65536,70.85,0.92,1.39
nccl_all_reduce_perf_np4_single_rep1,all_reduce,4,single,1,IB,131072,117.41,1.12,1.67
nccl_all_reduce_perf_np4_single_rep1,all_reduce,4,single,1,IB,262144,167.79,1.56,2.34
nccl_all_reduce_perf_np4_single_rep1,all_reduce,4,single,1,IB,524288,543.76,0.96,1.45
nccl_all_reduce_perf_np4_single_rep1,all_reduce,4,single,1,IB,1048576,1142.97,0.92,1.38
nccl_all_reduce_perf_np4_single_rep1,all_reduce,4,single,1,IB,2097152,1278.45,1.64,2.46
nccl_all_reduce_perf_np4_single_rep1,all_reduce,4,single,1,IB,4194304,1122.64,3.74,5.6
nccl_all_reduce_perf_np4_single_rep1,all_reduce,4,single,1,IB,8388608,1295.34,6.48,9.71
nccl_all_reduce_perf_np4_single_rep1,all_reduce,4,single,1,IB,16777216,2096.29,8.0,12.0
nccl_all_reduce_perf_np4_single_rep1,all_reduce,4,single,1,IB,33554432,4143.44,8.1,12.15
nccl_all_reduce_perf_np4_single_rep1,all_reduce,4,single,1,IB,67108864,8235.31,8.15,12.22
nccl_all_reduce_perf_np4_single_rep1,all_reduce,4,single,1,IB,134217728,16864.3,7.96,11.94
nccl_all_reduce_perf_np4_single_rep1,all_reduce,4,single,1,IB,268435456,34304.4,7.83,11.74
nccl_all_reduce_perf_np4_single_rep1,all_reduce,4,single,1,IB,536870912,69945.4,7.68,11.51
nccl_all_reduce_perf_np4_single_rep1,all_reduce,4,single,1,IB,1073741824,128123.0,8.38,12.57
nccl_all_reduce_perf_np4_single_rep2,all_reduce,4,single,2,IB,1024,39.01,0.03,0.04
nccl_all_reduce_perf_np4_single_rep2,all_reduce,4,single,2,IB,2048,46.72,0.04,0.07
nccl_all_reduce_perf_np4_single_rep2,all_reduce,4,single,2,IB,4096,45.31,0.09,0.14
nccl_all_reduce_perf_np4_single_rep2,all_reduce,4,single,2,IB,8192,48.57,0.17,0.25
nccl_all_reduce_perf_np4_single_rep2,all_reduce,4,single,2,IB,16384,53.31,0.31,0.46
nccl_all_reduce_perf_np4_single_rep2,all_reduce,4,single,2,IB,32768,53.69,0.61,0.92
nccl_all_reduce_perf_np4_single_rep2,all_reduce,4,single,2,IB,65536,66.06,0.99,1.49
nccl_all_reduce_perf_np4_single_rep2,all_reduce,4,single,2,IB,131072,117.07,1.12,1.68
nccl_all_reduce_perf_np4_single_rep2,all_reduce,4,single,2,IB,262144,162.75,1.61,2.42
nccl_all_reduce_perf_np4_single_rep2,all_reduce,4,single,2,IB,524288,557.06,0.94,1.41
nccl_all_reduce_perf_np4_single_rep2,all_reduce,4,single,2,IB,1048576,1170.14,0.9,1.34
nccl_all_reduce_perf_np4_single_rep2,all_reduce,4,single,2,IB,2097152,1259.24,1.67,2.5
nccl_all_reduce_perf_np4_single_rep2,all_reduce,4,single,2,IB,4194304,1100.99,3.81,5.71
nccl_all_reduce_perf_np4_single_rep2,all_reduce,4,single,2,IB,8388608,1282.1,6.54,9.81
nccl_all_reduce_perf_np4_single_rep2,all_reduce,4,single,2,IB,16777216,2150.91,7.8,11.7
nccl_all_reduce_perf_np4_single_rep2,all_reduce,4,single,2,IB,33554432,4512.14,7.44,11.15
nccl_all_reduce_perf_np4_single_rep2,all_reduce,4,single,2,IB,67108864,8563.25,7.84,11.76
nccl_all_reduce_perf_np4_single_rep2,all_reduce,4,single,2,IB,134217728,17394.8,7.72,11.57
nccl_all_reduce_perf_np4_single_rep2,all_reduce,4,single,2,IB,268435456,35209.4,7.62,11.44
nccl_all_reduce_perf_np4_single_rep2,all_reduce,4,single,2,IB,536870912,71935.2,7.46,11.19
nccl_all_reduce_perf_np4_single_rep2,all_reduce,4,single,2,IB,1073741824,133693.0,8.03,12.05
nccl_all_reduce_perf_np4_single_rep3,all_reduce,4,single,3,IB,1024,38.23,0.03,0.04
nccl_all_reduce_perf_np4_single_rep3,all_reduce,4,single,3,IB,2048,48.7,0.04,0.06
nccl_all_reduce_perf_np4_single_rep3,all_reduce,4,single,3,IB,4096,52.24,0.08,0.12
nccl_all_reduce_perf_np4_single_rep3,all_reduce,4,single,3,IB,8192,47.6,0.17,0.26
nccl_all_reduce_perf_np4_single_rep3,all_reduce,4,single,3,IB,16384,53.81,0.3,0.46
nccl_all_reduce_perf_np4_single_rep3,all_reduce,4,single,3,IB,32768,54.94,0.6,0.89
nccl_all_reduce_perf_np4_single_rep3,all_reduce,4,single,3,IB,65536,65.38,1.0,1.5
nccl_all_reduce_perf_np4_single_rep3,all_reduce,4,single,3,IB,131072,117.91,1.11,1.67
nccl_all_reduce_perf_np4_single_rep3,all_reduce,4,single,3,IB,262144,167.92,1.56,2.34
nccl_all_reduce_perf_np4_single_rep3,all_reduce,4,single,3,IB,524288,547.72,0.96,1.44
nccl_all_reduce_perf_np4_single_rep3,all_reduce,4,single,3,IB,1048576,1230.3,0.85,1.28
nccl_all_reduce_perf_np4_single_rep3,all_reduce,4,single,3,IB,2097152,1336.7,1.57,2.35
nccl_all_reduce_perf_np4_single_rep3,all_reduce,4,single,3,IB,4194304,1126.53,3.72,5.58
nccl_all_reduce_perf_np4_single_rep3,all_reduce,4,single,3,IB,8388608,1308.72,6.41,9.61
nccl_all_reduce_perf_np4_single_rep3,all_reduce,4,single,3,IB,16777216,2149.55,7.8,11.71
nccl_all_reduce_perf_np4_single_rep3,all_reduce,4,single,3,IB,33554432,4410.32,7.61,11.41
nccl_all_reduce_perf_np4_single_rep3,all_reduce,4,single,3,IB,67108864,8601.08,7.8,11.7
nccl_all_reduce_perf_np4_single_rep3,all_reduce,4,single,3,IB,134217728,17565.9,7.64,11.46
nccl_all_reduce_perf_np4_single_rep3,all_reduce,4,single,3,IB,268435456,35140.5,7.64,11.46
nccl_all_reduce_perf_np4_single_rep3,all_reduce,4,single,3,IB,536870912,71634.1,7.49,11.24
nccl_all_reduce_perf_np4_single_rep3,all_reduce,4,single,3,IB,1073741824,132928.0,8.08,12.12
nccl_all_reduce_perf_np4_tcp_rep1,all_reduce,4,tcp,1,Socket,1024,995.55,0.0,0.0
nccl_all_reduce_perf_np4_tcp_rep1,all_reduce,4,tcp,1,Socket,2048,996.55,0.0,0.0
nccl_all_reduce_perf_np4_tcp_rep1,all_reduce,4,tcp,1,Socket,4096,905.36,0.0,0.01
nccl_all_reduce_perf_np4_tcp_rep1,all_reduce,4,tcp,1,Socket,8192,881.03,0.01,0.01
nccl_all_reduce_perf_np4_tcp_rep1,all_reduce,4,tcp,1,Socket,16384,1016.5,0.02,0.02
nccl_all_reduce_perf_np4_tcp_rep1,all_reduce,4,tcp,1,Socket,32768,1189.58,0.03,0.04
nccl_all_reduce_perf_np4_tcp_rep1,all_reduce,4,tcp,1,Socket,65536,1686.73,0.04,0.06
nccl_all_reduce_perf_np4_tcp_rep1,all_reduce,4,tcp,1,Socket,131072,2060.9,0.06,0.1
nccl_all_reduce_perf_np4_tcp_rep1,all_reduce,4,tcp,1,Socket,262144,2071.29,0.13,0.19
nccl_all_reduce_perf_np4_tcp_rep1,all_reduce,4,tcp,1,Socket,524288,3922.92,0.13,0.2
nccl_all_reduce_perf_np4_tcp_rep1,all_reduce,4,tcp,1,Socket,1048576,7360.81,0.14,0.21
nccl_all_reduce_perf_np4_tcp_rep1,all_reduce,4,tcp,1,Socket,2097152,9918.84,0.21,0.32
nccl_all_reduce_perf_np4_tcp_rep1,all_reduce,4,tcp,1,Socket,4194304,8015.58,0.52,0.78
nccl_all_reduce_perf_np4_tcp_rep1,all_reduce,4,tcp,1,Socket,8388608,10869.7,0.77,1.16
nccl_all_reduce_perf_np4_tcp_rep1,all_reduce,4,tcp,1,Socket,16777216,16993.3,0.99,1.48
nccl_all_reduce_perf_np4_tcp_rep1,all_reduce,4,tcp,1,Socket,33554432,31629.9,1.06,1.59
nccl_all_reduce_perf_np4_tcp_rep1,all_reduce,4,tcp,1,Socket,67108864,57889.4,1.16,1.74
nccl_all_reduce_perf_np4_tcp_rep1,all_reduce,4,tcp,1,Socket,134217728,109486.0,1.23,1.84
nccl_all_reduce_perf_np4_tcp_rep1,all_reduce,4,tcp,1,Socket,268435456,212013.0,1.27,1.9
nccl_all_reduce_perf_np4_tcp_rep1,all_reduce,4,tcp,1,Socket,536870912,415473.0,1.29,1.94
nccl_all_reduce_perf_np4_tcp_rep1,all_reduce,4,tcp,1,Socket,1073741824,835140.0,1.29,1.93
nccl_all_reduce_perf_np4_tcp_rep2,all_reduce,4,tcp,2,Socket,1024,987.91,0.0,0.0
nccl_all_reduce_perf_np4_tcp_rep2,all_reduce,4,tcp,2,Socket,2048,1052.11,0.0,0.0
nccl_all_reduce_perf_np4_tcp_rep2,all_reduce,4,tcp,2,Socket,4096,1100.83,0.0,0.01
nccl_all_reduce_perf_np4_tcp_rep2,all_reduce,4,tcp,2,Socket,8192,1138.46,0.01,0.01
nccl_all_reduce_perf_np4_tcp_rep2,all_reduce,4,tcp,2,Socket,16384,1091.97,0.02,0.02
nccl_all_reduce_perf_np4_tcp_rep2,all_reduce,4,tcp,2,Socket,32768,1299.64,0.03,0.04
nccl_all_reduce_perf_np4_tcp_rep2,all_reduce,4,tcp,2,Socket,65536,1403.8,0.05,0.07
nccl_all_reduce_perf_np4_tcp_rep2,all_reduce,4,tcp,2,Socket,131072,2319.14,0.06,0.08
nccl_all_reduce_perf_np4_tcp_rep2,all_reduce,4,tcp,2,Socket,262144,2658.52,0.1,0.15
nccl_all_reduce_perf_np4_tcp_rep2,all_reduce,4,tcp,2,Socket,524288,4233.37,0.12,0.19
nccl_all_reduce_perf_np4_tcp_rep2,all_reduce,4,tcp,2,Socket,1048576,8118.56,0.13,0.19
nccl_all_reduce_perf_np4_tcp_rep2,all_reduce,4,tcp,2,Socket,2097152,9970.48,0.21,0.32
nccl_all_reduce_perf_np4_tcp_rep2,all_reduce,4,tcp,2,Socket,4194304,8109.79,0.52,0.78
nccl_all_reduce_perf_np4_tcp_rep2,all_reduce,4,tcp,2,Socket,8388608,11108.0,0.76,1.13
nccl_all_reduce_perf_np4_tcp_rep2,all_reduce,4,tcp,2,Socket,16777216,17407.5,0.96,1.45
nccl_all_reduce_perf_np4_tcp_rep2,all_reduce,4,tcp,2,Socket,33554432,32261.4,1.04,1.56
nccl_all_reduce_perf_np4_tcp_rep2,all_reduce,4,tcp,2,Socket,67108864,58829.0,1.14,1.71
nccl_all_reduce_perf_np4_tcp_rep2,all_reduce,4,tcp,2,Socket,134217728,111783.0,1.2,1.8
nccl_all_reduce_perf_np4_tcp_rep2,all_reduce,4,tcp,2,Socket,268435456,216529.0,1.24,1.86
nccl_all_reduce_perf_np4_tcp_rep2,all_reduce,4,tcp,2,Socket,536870912,420279.0,1.28,1.92
nccl_all_reduce_perf_np4_tcp_rep2,all_reduce,4,tcp,2,Socket,1073741824,824665.0,1.3,1.95
nccl_all_reduce_perf_np4_tcp_rep3,all_reduce,4,tcp,3,Socket,1024,676.99,0.0,0.0
nccl_all_reduce_perf_np4_tcp_rep3,all_reduce,4,tcp,3,Socket,2048,728.06,0.0,0.0
nccl_all_reduce_perf_np4_tcp_rep3,all_reduce,4,tcp,3,Socket,4096,1313.84,0.0,0.0
nccl_all_reduce_perf_np4_tcp_rep3,all_reduce,4,tcp,3,Socket,8192,1277.56,0.01,0.01
nccl_all_reduce_perf_np4_tcp_rep3,all_reduce,4,tcp,3,Socket,16384,1351.11,0.01,0.02
nccl_all_reduce_perf_np4_tcp_rep3,all_reduce,4,tcp,3,Socket,32768,1768.22,0.02,0.03
nccl_all_reduce_perf_np4_tcp_rep3,all_reduce,4,tcp,3,Socket,65536,1445.52,0.05,0.07
nccl_all_reduce_perf_np4_tcp_rep3,all_reduce,4,tcp,3,Socket,131072,1938.74,0.07,0.1
nccl_all_reduce_perf_np4_tcp_rep3,all_reduce,4,tcp,3,Socket,262144,2144.34,0.12,0.18
nccl_all_reduce_perf_np4_tcp_rep3,all_reduce,4,tcp,3,Socket,524288,3701.3,0.14,0.21
nccl_all_reduce_perf_np4_tcp_rep3,all_reduce,4,tcp,3,Socket,1048576,7433.95,0.14,0.21
nccl_all_reduce_perf_np4_tcp_rep3,all_reduce,4,tcp,3,Socket,2097152,9431.62,0.22,0.33
nccl_all_reduce_perf_np4_tcp_rep3,all_reduce,4,tcp,3,Socket,4194304,8052.71,0.52,0.78
nccl_all_reduce_perf_np4_tcp_rep3,all_reduce,4,tcp,3,Socket,8388608,10923.0,0.77,1.15
nccl_all_reduce_perf_np4_tcp_rep3,all_reduce,4,tcp,3,Socket,16777216,17063.4,0.98,1.47
nccl_all_reduce_perf_np4_tcp_rep3,all_reduce,4,tcp,3,Socket,33554432,31452.1,1.07,1.6
nccl_all_reduce_perf_np4_tcp_rep3,all_reduce,4,tcp,3,Socket,67108864,57815.9,1.16,1.74
nccl_all_reduce_perf_np4_tcp_rep3,all_reduce,4,tcp,3,Socket,134217728,110340.0,1.22,1.82
nccl_all_reduce_perf_np4_tcp_rep3,all_reduce,4,tcp,3,Socket,268435456,214204.0,1.25,1.88
nccl_all_reduce_perf_np4_tcp_rep3,all_reduce,4,tcp,3,Socket,536870912,419733.0,1.28,1.92
nccl_all_reduce_perf_np4_tcp_rep3,all_reduce,4,tcp,3,Socket,1073741824,855630.0,1.25,1.88
nccl_alltoall_perf_np2_dual_rep1,alltoall,2,dual,1,IB,1024,25.59,0.04,0.02
nccl_alltoall_perf_np2_dual_rep1,alltoall,2,dual,1,IB,2048,34.77,0.06,0.03
nccl_alltoall_perf_np2_dual_rep1,alltoall,2,dual,1,IB,4096,26.2,0.16,0.08
nccl_alltoall_perf_np2_dual_rep1,alltoall,2,dual,1,IB,8192,31.96,0.26,0.13
nccl_alltoall_perf_np2_dual_rep1,alltoall,2,dual,1,IB,16384,29.8,0.55,0.27
nccl_alltoall_perf_np2_dual_rep1,alltoall,2,dual,1,IB,32768,36.2,0.91,0.45
nccl_alltoall_perf_np2_dual_rep1,alltoall,2,dual,1,IB,65536,32.13,2.04,1.02
nccl_alltoall_perf_np2_dual_rep1,alltoall,2,dual,1,IB,131072,34.94,3.75,1.88
nccl_alltoall_perf_np2_dual_rep1,alltoall,2,dual,1,IB,262144,47.69,5.5,2.75
nccl_alltoall_perf_np2_dual_rep1,alltoall,2,dual,1,IB,524288,49.03,10.69,5.35
nccl_alltoall_perf_np2_dual_rep1,alltoall,2,dual,1,IB,1048576,87.8,11.94,5.97
nccl_alltoall_perf_np2_dual_rep1,alltoall,2,dual,1,IB,2097152,110.14,19.04,9.52
nccl_alltoall_perf_np2_dual_rep1,alltoall,2,dual,1,IB,4194304,161.96,25.9,12.95
nccl_alltoall_perf_np2_dual_rep1,alltoall,2,dual,1,IB,8388608,267.88,31.31,15.66
nccl_alltoall_perf_np2_dual_rep1,alltoall,2,dual,1,IB,16777216,481.12,34.87,17.44
nccl_alltoall_perf_np2_dual_rep1,alltoall,2,dual,1,IB,33554432,865.9,38.75,19.38
nccl_alltoall_perf_np2_dual_rep1,alltoall,2,dual,1,IB,67108864,1665.89,40.28,20.14
nccl_alltoall_perf_np2_dual_rep1,alltoall,2,dual,1,IB,134217728,3275.95,40.97,20.49
nccl_alltoall_perf_np2_dual_rep1,alltoall,2,dual,1,IB,268435456,6532.62,41.09,20.55
nccl_alltoall_perf_np2_dual_rep1,alltoall,2,dual,1,IB,536870912,13152.5,40.82,20.41
nccl_alltoall_perf_np2_dual_rep1,alltoall,2,dual,1,IB,1073741824,25783.9,41.64,20.82
nccl_alltoall_perf_np2_dual_rep2,alltoall,2,dual,2,IB,1024,29.91,0.03,0.02
nccl_alltoall_perf_np2_dual_rep2,alltoall,2,dual,2,IB,2048,27.42,0.07,0.04
nccl_alltoall_perf_np2_dual_rep2,alltoall,2,dual,2,IB,4096,26.8,0.15,0.08
nccl_alltoall_perf_np2_dual_rep2,alltoall,2,dual,2,IB,8192,28.6,0.29,0.14
nccl_alltoall_perf_np2_dual_rep2,alltoall,2,dual,2,IB,16384,29.06,0.56,0.28
nccl_alltoall_perf_np2_dual_rep2,alltoall,2,dual,2,IB,32768,31.43,1.04,0.52
nccl_alltoall_perf_np2_dual_rep2,alltoall,2,dual,2,IB,65536,34.64,1.89,0.95
nccl_alltoall_perf_np2_dual_rep2,alltoall,2,dual,2,IB,131072,34.73,3.77,1.89
nccl_alltoall_perf_np2_dual_rep2,alltoall,2,dual,2,IB,262144,47.03,5.57,2.79
nccl_alltoall_perf_np2_dual_rep2,alltoall,2,dual,2,IB,524288,50.88,10.3,5.15
nccl_alltoall_perf_np2_dual_rep2,alltoall,2,dual,2,IB,1048576,81.97,12.79,6.4
nccl_alltoall_perf_np2_dual_rep2,alltoall,2,dual,2,IB,2097152,107.74,19.46,9.73
nccl_alltoall_perf_np2_dual_rep2,alltoall,2,dual,2,IB,4194304,167.24,25.08,12.54
nccl_alltoall_perf_np2_dual_rep2,alltoall,2,dual,2,IB,8388608,259.28,32.35,16.18
nccl_alltoall_perf_np2_dual_rep2,alltoall,2,dual,2,IB,16777216,472.92,35.48,17.74
nccl_alltoall_perf_np2_dual_rep2,alltoall,2,dual,2,IB,33554432,878.16,38.21,19.11
nccl_alltoall_perf_np2_dual_rep2,alltoall,2,dual,2,IB,67108864,1665.02,40.31,20.15
nccl_alltoall_perf_np2_dual_rep2,alltoall,2,dual,2,IB,134217728,3259.4,41.18,20.59
nccl_alltoall_perf_np2_dual_rep2,alltoall,2,dual,2,IB,268435456,6448.38,41.63,20.81
nccl_alltoall_perf_np2_dual_rep2,alltoall,2,dual,2,IB,536870912,12911.5,41.58,20.79
nccl_alltoall_perf_np2_dual_rep2,alltoall,2,dual,2,IB,1073741824,26131.1,41.09,20.55
nccl_alltoall_perf_np2_dual_rep3,alltoall,2,dual,3,IB,1024,29.97,0.03,0.02
nccl_alltoall_perf_np2_dual_rep3,alltoall,2,dual,3,IB,2048,40.39,0.05,0.03
nccl_alltoall_perf_np2_dual_rep3,alltoall,2,dual,3,IB,4096,27.2,0.15,0.08
nccl_alltoall_perf_np2_dual_rep3,alltoall,2,dual,3,IB,8192,30.92,0.26,0.13
nccl_alltoall_perf_np2_dual_rep3,alltoall,2,dual,3,IB,16384,27.51,0.6,0.3
nccl_alltoall_perf_np2_dual_rep3,alltoall,2,dual,3,IB,32768,38.26,0.86,0.43
nccl_alltoall_perf_np2_dual_rep3,alltoall,2,dual,3,IB,65536,31.37,2.09,1.04
nccl_alltoall_perf_np2_dual_rep3,alltoall,2,dual,3,IB,131072,36.61,3.58,1.79
nccl_alltoall_perf_np2_dual_rep3,alltoall,2,dual,3,IB,262144,55.49,4.72,2.36
nccl_alltoall_perf_np2_dual_rep3,alltoall,2,dual,3,IB,524288,50.28,10.43,5.21
nccl_alltoall_perf_np2_dual_rep3,alltoall,2,dual,3,IB,1048576,71.73,14.62,7.31
nccl_alltoall_perf_np2_dual_rep3,alltoall,2,dual,3,IB,2097152,100.11,20.95,10.47
nccl_alltoall_perf_np2_dual_rep3,alltoall,2,dual,3,IB,4194304,166.27,25.23,12.61
nccl_alltoall_perf_np2_dual_rep3,alltoall,2,dual,3,IB,8388608,265.93,31.54,15.77
nccl_alltoall_perf_np2_dual_rep3,alltoall,2,dual,3,IB,16777216,481.95,34.81,17.41
nccl_alltoall_perf_np2_dual_rep3,alltoall,2,dual,3,IB,33554432,896.14,37.44,18.72
nccl_alltoall_perf_np2_dual_rep3,alltoall,2,dual,3,IB,67108864,1700.38,39.47,19.73
nccl_alltoall_perf_np2_dual_rep3,alltoall,2,dual,3,IB,134217728,3314.4,40.5,20.25
nccl_alltoall_perf_np2_dual_rep3,alltoall,2,dual,3,IB,268435456,6578.29,40.81,20.4
nccl_alltoall_perf_np2_dual_rep3,alltoall,2,dual,3,IB,536870912,12951.3,41.45,20.73
nccl_alltoall_perf_np2_dual_rep3,alltoall,2,dual,3,IB,1073741824,25814.2,41.6,20.8
nccl_alltoall_perf_np2_single_rep1,alltoall,2,single,1,IB,1024,27.16,0.04,0.02
nccl_alltoall_perf_np2_single_rep1,alltoall,2,single,1,IB,2048,34.67,0.06,0.03
nccl_alltoall_perf_np2_single_rep1,alltoall,2,single,1,IB,4096,28.16,0.15,0.07
nccl_alltoall_perf_np2_single_rep1,alltoall,2,single,1,IB,8192,30.49,0.27,0.13
nccl_alltoall_perf_np2_single_rep1,alltoall,2,single,1,IB,16384,28.86,0.57,0.28
nccl_alltoall_perf_np2_single_rep1,alltoall,2,single,1,IB,32768,37.54,0.87,0.44
nccl_alltoall_perf_np2_single_rep1,alltoall,2,single,1,IB,65536,32.63,2.01,1.0
nccl_alltoall_perf_np2_single_rep1,alltoall,2,single,1,IB,131072,35.05,3.74,1.87
nccl_alltoall_perf_np2_single_rep1,alltoall,2,single,1,IB,262144,49.84,5.26,2.63
nccl_alltoall_perf_np2_single_rep1,alltoall,2,single,1,IB,524288,62.13,8.44,4.22
nccl_alltoall_perf_np2_single_rep1,alltoall,2,single,1,IB,1048576,86.11,12.18,6.09
nccl_alltoall_perf_np2_single_rep1,alltoall,2,single,1,IB,2097152,136.4,15.37,7.69
nccl_alltoall_perf_np2_single_rep1,alltoall,2,single,1,IB,4194304,229.3,18.29,9.15
nccl_alltoall_perf_np2_single_rep1,alltoall,2,single,1,IB,8388608,404.13,20.76,10.38
nccl_alltoall_perf_np2_single_rep1,alltoall,2,single,1,IB,16777216,744.3,22.54,11.27
nccl_alltoall_perf_np2_single_rep1,alltoall,2,single,1,IB,33554432,1447.99,23.17,11.59
nccl_alltoall_perf_np2_single_rep1,alltoall,2,single,1,IB,67108864,2812.33,23.86,11.93
nccl_alltoall_perf_np2_single_rep1,alltoall,2,single,1,IB,134217728,5570.0,24.1,12.05
nccl_alltoall_perf_np2_single_rep1,alltoall,2,single,1,IB,268435456,11131.9,24.11,12.06
nccl_alltoall_perf_np2_single_rep1,alltoall,2,single,1,IB,536870912,22406.7,23.96,11.98
nccl_alltoall_perf_np2_single_rep1,alltoall,2,single,1,IB,1073741824,44259.0,24.26,12.13
nccl_alltoall_perf_np2_single_rep2,alltoall,2,single,2,IB,1024,27.16,0.04,0.02
nccl_alltoall_perf_np2_single_rep2,alltoall,2,single,2,IB,2048,34.87,0.06,0.03
nccl_alltoall_perf_np2_single_rep2,alltoall,2,single,2,IB,4096,25.84,0.16,0.08
nccl_alltoall_perf_np2_single_rep2,alltoall,2,single,2,IB,8192,29.22,0.28,0.14
nccl_alltoall_perf_np2_single_rep2,alltoall,2,single,2,IB,16384,27.49,0.6,0.3
nccl_alltoall_perf_np2_single_rep2,alltoall,2,single,2,IB,32768,32.39,1.01,0.51
nccl_alltoall_perf_np2_single_rep2,alltoall,2,single,2,IB,65536,36.59,1.79,0.9
nccl_alltoall_perf_np2_single_rep2,alltoall,2,single,2,IB,131072,36.66,3.58,1.79
nccl_alltoall_perf_np2_single_rep2,alltoall,2,single,2,IB,262144,50.17,5.22,2.61
nccl_alltoall_perf_np2_single_rep2,alltoall,2,single,2,IB,524288,62.39,8.4,4.2
nccl_alltoall_perf_np2_single_rep2,alltoall,2,single,2,IB,1048576,87.66,11.96,5.98
nccl_alltoall_perf_np2_single_rep2,alltoall,2,single,2,IB,2097152,147.15,14.25,7.13
nccl_alltoall_perf_np2_single_rep2,alltoall,2,single,2,IB,4194304,226.11,18.55,9.28
nccl_alltoall_perf_np2_single_rep2,alltoall,2,single,2,IB,8388608,409.8,20.47,10.23
nccl_alltoall_perf_np2_single_rep2,alltoall,2,single,2,IB,16777216,753.35,22.27,11.14
nccl_alltoall_perf_np2_single_rep2,alltoall,2,single,2,IB,33554432,1442.41,23.26,11.63
nccl_alltoall_perf_np2_single_rep2,alltoall,2,single,2,IB,67108864,2833.63,23.68,11.84
nccl_alltoall_perf_np2_single_rep2,alltoall,2,single,2,IB,134217728,5589.16,24.01,12.01
nccl_alltoall_perf_np2_single_rep2,alltoall,2,single,2,IB,268435456,11079.7,24.23,12.11
nccl_alltoall_perf_np2_single_rep2,alltoall,2,single,2,IB,536870912,22057.9,24.34,12.17
nccl_alltoall_perf_np2_single_rep2,alltoall,2,single,2,IB,1073741824,44568.6,24.09,12.05
nccl_alltoall_perf_np2_single_rep3,alltoall,2,single,3,IB,1024,25.78,0.04,0.02
nccl_alltoall_perf_np2_single_rep3,alltoall,2,single,3,IB,2048,33.42,0.06,0.03
nccl_alltoall_perf_np2_single_rep3,alltoall,2,single,3,IB,4096,25.61,0.16,0.08
nccl_alltoall_perf_np2_single_rep3,alltoall,2,single,3,IB,8192,26.16,0.31,0.16
nccl_alltoall_perf_np2_single_rep3,alltoall,2,single,3,IB,16384,27.2,0.6,0.3
nccl_alltoall_perf_np2_single_rep3,alltoall,2,single,3,IB,32768,28.28,1.16,0.58
nccl_alltoall_perf_np2_single_rep3,alltoall,2,single,3,IB,65536,31.26,2.1,1.05
nccl_alltoall_perf_np2_single_rep3,alltoall,2,single,3,IB,131072,43.6,3.01,1.5
nccl_alltoall_perf_np2_single_rep3,alltoall,2,single,3,IB,262144,57.81,4.53,2.27
nccl_alltoall_perf_np2_single_rep3,alltoall,2,single,3,IB,524288,62.15,8.44,4.22
nccl_alltoall_perf_np2_single_rep3,alltoall,2,single,3,IB,1048576,88.11,11.9,5.95
nccl_alltoall_perf_np2_single_rep3,alltoall,2,single,3,IB,2097152,139.89,14.99,7.5
nccl_alltoall_perf_np2_single_rep3,alltoall,2,single,3,IB,4194304,231.23,18.14,9.07
nccl_alltoall_perf_np2_single_rep3,alltoall,2,single,3,IB,8388608,400.11,20.97,10.48
nccl_alltoall_perf_np2_single_rep3,alltoall,2,single,3,IB,16777216,749.26,22.39,11.2
nccl_alltoall_perf_np2_single_rep3,alltoall,2,single,3,IB,33554432,1442.07,23.27,11.63
nccl_alltoall_perf_np2_single_rep3,alltoall,2,single,3,IB,67108864,2817.55,23.82,11.91
nccl_alltoall_perf_np2_single_rep3,alltoall,2,single,3,IB,134217728,5569.34,24.1,12.05
nccl_alltoall_perf_np2_single_rep3,alltoall,2,single,3,IB,268435456,11086.5,24.21,12.11
nccl_alltoall_perf_np2_single_rep3,alltoall,2,single,3,IB,536870912,22291.6,24.08,12.04
nccl_alltoall_perf_np2_single_rep3,alltoall,2,single,3,IB,1073741824,44051.2,24.37,12.19
nccl_alltoall_perf_np2_tcp_rep1,alltoall,2,tcp,1,Socket,1024,114.47,0.01,0.0
nccl_alltoall_perf_np2_tcp_rep1,alltoall,2,tcp,1,Socket,2048,276.93,0.01,0.0
nccl_alltoall_perf_np2_tcp_rep1,alltoall,2,tcp,1,Socket,4096,321.62,0.01,0.01
nccl_alltoall_perf_np2_tcp_rep1,alltoall,2,tcp,1,Socket,8192,309.92,0.03,0.01
nccl_alltoall_perf_np2_tcp_rep1,alltoall,2,tcp,1,Socket,16384,189.13,0.09,0.04
nccl_alltoall_perf_np2_tcp_rep1,alltoall,2,tcp,1,Socket,32768,304.07,0.11,0.05
nccl_alltoall_perf_np2_tcp_rep1,alltoall,2,tcp,1,Socket,65536,323.04,0.2,0.1
nccl_alltoall_perf_np2_tcp_rep1,alltoall,2,tcp,1,Socket,131072,368.48,0.36,0.18
nccl_alltoall_perf_np2_tcp_rep1,alltoall,2,tcp,1,Socket,262144,317.18,0.83,0.41
nccl_alltoall_perf_np2_tcp_rep1,alltoall,2,tcp,1,Socket,524288,527.43,0.99,0.5
nccl_alltoall_perf_np2_tcp_rep1,alltoall,2,tcp,1,Socket,1048576,708.13,1.48,0.74
nccl_alltoall_perf_np2_tcp_rep1,alltoall,2,tcp,1,Socket,2097152,903.94,2.32,1.16
nccl_alltoall_perf_np2_tcp_rep1,alltoall,2,tcp,1,Socket,4194304,1355.98,3.09,1.55
nccl_alltoall_perf_np2_tcp_rep1,alltoall,2,tcp,1,Socket,8388608,2268.82,3.7,1.85
nccl_alltoall_perf_np2_tcp_rep1,alltoall,2,tcp,1,Socket,16777216,4370.87,3.84,1.92
nccl_alltoall_perf_np2_tcp_rep1,alltoall,2,tcp,1,Socket,33554432,8567.18,3.92,1.96
nccl_alltoall_perf_np2_tcp_rep1,alltoall,2,tcp,1,Socket,67108864,16629.7,4.04,2.02
nccl_alltoall_perf_np2_tcp_rep1,alltoall,2,tcp,1,Socket,134217728,33193.3,4.04,2.02
nccl_alltoall_perf_np2_tcp_rep1,alltoall,2,tcp,1,Socket,268435456,66470.2,4.04,2.02
nccl_alltoall_perf_np2_tcp_rep1,alltoall,2,tcp,1,Socket,536870912,129866.0,4.13,2.07
nccl_alltoall_perf_np2_tcp_rep1,alltoall,2,tcp,1,Socket,1073741824,259098.0,4.14,2.07
nccl_alltoall_perf_np2_tcp_rep2,alltoall,2,tcp,2,Socket,1024,252.55,0.0,0.0
nccl_alltoall_perf_np2_tcp_rep2,alltoall,2,tcp,2,Socket,2048,272.84,0.01,0.0
nccl_alltoall_perf_np2_tcp_rep2,alltoall,2,tcp,2,Socket,4096,247.62,0.02,0.01
nccl_alltoall_perf_np2_tcp_rep2,alltoall,2,tcp,2,Socket,8192,253.53,0.03,0.02
nccl_alltoall_perf_np2_tcp_rep2,alltoall,2,tcp,2,Socket,16384,145.3,0.11,0.06
nccl_alltoall_perf_np2_tcp_rep2,alltoall,2,tcp,2,Socket,32768,259.72,0.13,0.06
nccl_alltoall_perf_np2_tcp_rep2,alltoall,2,tcp,2,Socket,65536,268.02,0.24,0.12
nccl_alltoall_perf_np2_tcp_rep2,alltoall,2,tcp,2,Socket,131072,228.22,0.57,0.29
nccl_alltoall_perf_np2_tcp_rep2,alltoall,2,tcp,2,Socket,262144,287.6,0.91,0.46
nccl_alltoall_perf_np2_tcp_rep2,alltoall,2,tcp,2,Socket,524288,324.1,1.62,0.81
nccl_alltoall_perf_np2_tcp_rep2,alltoall,2,tcp,2,Socket,1048576,446.79,2.35,1.17
nccl_alltoall_perf_np2_tcp_rep2,alltoall,2,tcp,2,Socket,2097152,783.76,2.68,1.34
nccl_alltoall_perf_np2_tcp_rep2,alltoall,2,tcp,2,Socket,4194304,1277.34,3.28,1.64
nccl_alltoall_perf_np2_tcp_rep2,alltoall,2,tcp,2,Socket,8388608,2256.2,3.72,1.86
nccl_alltoall_perf_np2_tcp_rep2,alltoall,2,tcp,2,Socket,16777216,4443.61,3.78,1.89
nccl_alltoall_perf_np2_tcp_rep2,alltoall,2,tcp,2,Socket,33554432,8648.5,3.88,1.94
nccl_alltoall_perf_np2_tcp_rep2,alltoall,2,tcp,2,Socket,67108864,17473.2,3.84,1.92
nccl_alltoall_perf_np2_tcp_rep2,alltoall,2,tcp,2,Socket,134217728,33664.7,3.99,1.99
nccl_alltoall_perf_np2_tcp_rep2,alltoall,2,tcp,2,Socket,268435456,69431.6,3.87,1.93
nccl_alltoall_perf_np2_tcp_rep2,alltoall,2,tcp,2,Socket,536870912,132461.0,4.05,2.03
nccl_alltoall_perf_np2_tcp_rep2,alltoall,2,tcp,2,Socket,1073741824,267263.0,4.02,2.01
nccl_alltoall_perf_np2_tcp_rep3,alltoall,2,tcp,3,Socket,1024,144.75,0.01,0.0
nccl_alltoall_perf_np2_tcp_rep3,alltoall,2,tcp,3,Socket,2048,151.67,0.01,0.01
nccl_alltoall_perf_np2_tcp_rep3,alltoall,2,tcp,3,Socket,4096,140.72,0.03,0.01
nccl_alltoall_perf_np2_tcp_rep3,alltoall,2,tcp,3,Socket,8192,146.61,0.06,0.03
nccl_alltoall_perf_np2_tcp_rep3,alltoall,2,tcp,3,Socket,16384,140.74,0.12,0.06
nccl_alltoall_perf_np2_tcp_rep3,alltoall,2,tcp,3,Socket,32768,145.98,0.22,0.11
nccl_alltoall_perf_np2_tcp_rep3,alltoall,2,tcp,3,Socket,65536,154.81,0.42,0.21
nccl_alltoall_perf_np2_tcp_rep3,alltoall,2,tcp,3,Socket,131072,191.3,0.69,0.34
nccl_alltoall_perf_np2_tcp_rep3,alltoall,2,tcp,3,Socket,262144,239.98,1.09,0.55
nccl_alltoall_perf_np2_tcp_rep3,alltoall,2,tcp,3,Socket,524288,299.23,1.75,0.88
nccl_alltoall_perf_np2_tcp_rep3,alltoall,2,tcp,3,Socket,1048576,455.09,2.3,1.15
nccl_alltoall_perf_np2_tcp_rep3,alltoall,2,tcp,3,Socket,2097152,791.26,2.65,1.33
nccl_alltoall_perf_np2_tcp_rep3,alltoall,2,tcp,3,Socket,4194304,1324.57,3.17,1.58
nccl_alltoall_perf_np2_tcp_rep3,alltoall,2,tcp,3,Socket,8388608,2312.09,3.63,1.81
nccl_alltoall_perf_np2_tcp_rep3,alltoall,2,tcp,3,Socket,16777216,4619.76,3.63,1.82
nccl_alltoall_perf_np2_tcp_rep3,alltoall,2,tcp,3,Socket,33554432,8724.43,3.85,1.92
nccl_alltoall_perf_np2_tcp_rep3,alltoall,2,tcp,3,Socket,67108864,16923.9,3.97,1.98
nccl_alltoall_perf_np2_tcp_rep3,alltoall,2,tcp,3,Socket,134217728,33934.6,3.96,1.98
nccl_alltoall_perf_np2_tcp_rep3,alltoall,2,tcp,3,Socket,268435456,69598.9,3.86,1.93
nccl_alltoall_perf_np2_tcp_rep3,alltoall,2,tcp,3,Socket,536870912,137036.0,3.92,1.96
nccl_alltoall_perf_np2_tcp_rep3,alltoall,2,tcp,3,Socket,1073741824,274118.0,3.92,1.96
nccl_alltoall_perf_np4_dual_rep1,alltoall,4,dual,1,IB,1024,23.49,0.04,0.03
nccl_alltoall_perf_np4_dual_rep1,alltoall,4,dual,1,IB,2048,27.85,0.07,0.06
nccl_alltoall_perf_np4_dual_rep1,alltoall,4,dual,1,IB,4096,24.71,0.17,0.12
nccl_alltoall_perf_np4_dual_rep1,alltoall,4,dual,1,IB,8192,25.63,0.32,0.24
nccl_alltoall_perf_np4_dual_rep1,alltoall,4,dual,1,IB,16384,34.02,0.48,0.36
nccl_alltoall_perf_np4_dual_rep1,alltoall,4,dual,1,IB,32768,27.31,1.2,0.9
nccl_alltoall_perf_np4_dual_rep1,alltoall,4,dual,1,IB,65536,24.52,2.67,2.0
nccl_alltoall_perf_np4_dual_rep1,alltoall,4,dual,1,IB,131072,41.64,3.15,2.36
nccl_alltoall_perf_np4_dual_rep1,alltoall,4,dual,1,IB,262144,47.36,5.54,4.15
nccl_alltoall_perf_np4_dual_rep1,alltoall,4,dual,1,IB,524288,74.32,7.05,5.29
nccl_alltoall_perf_np4_dual_rep1,alltoall,4,dual,1,IB,1048576,80.4,13.04,9.78
nccl_alltoall_perf_np4_dual_rep1,alltoall,4,dual,1,IB,2097152,128.15,16.36,12.27
nccl_alltoall_perf_np4_dual_rep1,alltoall,4,dual,1,IB,4194304,213.02,19.69,14.77
nccl_alltoall_perf_np4_dual_rep1,alltoall,4,dual,1,IB,8388608,363.04,23.11,17.33
nccl_alltoall_perf_np4_dual_rep1,alltoall,4,dual,1,IB,16777216,629.23,26.66,20.0
nccl_alltoall_perf_np4_dual_rep1,alltoall,4,dual,1,IB,33554432,1178.89,28.46,21.35
nccl_alltoall_perf_np4_dual_rep1,alltoall,4,dual,1,IB,67108864,2274.47,29.51,22.13
nccl_alltoall_perf_np4_dual_rep1,alltoall,4,dual,1,IB,134217728,4575.13,29.34,22.0
nccl_alltoall_perf_np4_dual_rep1,alltoall,4,dual,1,IB,268435456,8966.22,29.94,22.45
nccl_alltoall_perf_np4_dual_rep1,alltoall,4,dual,1,IB,536870912,17753.5,30.24,22.68
nccl_alltoall_perf_np4_dual_rep1,alltoall,4,dual,1,IB,1073741824,35751.0,30.03,22.53
nccl_alltoall_perf_np4_dual_rep2,alltoall,4,dual,2,IB,1024,30.17,0.03,0.03
nccl_alltoall_perf_np4_dual_rep2,alltoall,4,dual,2,IB,2048,32.34,0.06,0.05
nccl_alltoall_perf_np4_dual_rep2,alltoall,4,dual,2,IB,4096,22.56,0.18,0.14
nccl_alltoall_perf_np4_dual_rep2,alltoall,4,dual,2,IB,8192,23.94,0.34,0.26
nccl_alltoall_perf_np4_dual_rep2,alltoall,4,dual,2,IB,16384,25.14,0.65,0.49
nccl_alltoall_perf_np4_dual_rep2,alltoall,4,dual,2,IB,32768,26.98,1.21,0.91
nccl_alltoall_perf_np4_dual_rep2,alltoall,4,dual,2,IB,65536,29.93,2.19,1.64
nccl_alltoall_perf_np4_dual_rep2,alltoall,4,dual,2,IB,131072,32.59,4.02,3.02
nccl_alltoall_perf_np4_dual_rep2,alltoall,4,dual,2,IB,262144,54.55,4.81,3.6
nccl_alltoall_perf_np4_dual_rep2,alltoall,4,dual,2,IB,524288,73.15,7.17,5.38
nccl_alltoall_perf_np4_dual_rep2,alltoall,4,dual,2,IB,1048576,90.86,11.54,8.66
nccl_alltoall_perf_np4_dual_rep2,alltoall,4,dual,2,IB,2097152,130.66,16.05,12.04
nccl_alltoall_perf_np4_dual_rep2,alltoall,4,dual,2,IB,4194304,192.38,21.8,16.35
nccl_alltoall_perf_np4_dual_rep2,alltoall,4,dual,2,IB,8388608,352.01,23.83,17.87
nccl_alltoall_perf_np4_dual_rep2,alltoall,4,dual,2,IB,16777216,666.82,25.16,18.87
nccl_alltoall_perf_np4_dual_rep2,alltoall,4,dual,2,IB,33554432,1160.14,28.92,21.69
nccl_alltoall_perf_np4_dual_rep2,alltoall,4,dual,2,IB,67108864,2256.82,29.74,22.3
nccl_alltoall_perf_np4_dual_rep2,alltoall,4,dual,2,IB,134217728,4480.19,29.96,22.47
nccl_alltoall_perf_np4_dual_rep2,alltoall,4,dual,2,IB,268435456,8942.17,30.02,22.51
nccl_alltoall_perf_np4_dual_rep2,alltoall,4,dual,2,IB,536870912,17838.3,30.1,22.57
nccl_alltoall_perf_np4_dual_rep2,alltoall,4,dual,2,IB,1073741824,35779.7,30.01,22.51
nccl_alltoall_perf_np4_dual_rep3,alltoall,4,dual,3,IB,1024,24.33,0.04,0.03
nccl_alltoall_perf_np4_dual_rep3,alltoall,4,dual,3,IB,2048,30.01,0.07,0.05
nccl_alltoall_perf_np4_dual_rep3,alltoall,4,dual,3,IB,4096,29.41,0.14,0.1
nccl_alltoall_perf_np4_dual_rep3,alltoall,4,dual,3,IB,8192,22.58,0.36,0.27
nccl_alltoall_perf_np4_dual_rep3,alltoall,4,dual,3,IB,16384,22.84,0.72,0.54
nccl_alltoall_perf_np4_dual_rep3,alltoall,4,dual,3,IB,32768,32.05,1.02,0.77
nccl_alltoall_perf_np4_dual_rep3,alltoall,4,dual,3,IB,65536,36.84,1.78,1.33
nccl_alltoall_perf_np4_dual_rep3,alltoall,4,dual,3,IB,131072,38.86,3.37,2.53
nccl_alltoall_perf_np4_dual_rep3,alltoall,4,dual,3,IB,262144,53.79,4.87,3.66
nccl_alltoall_perf_np4_dual_rep3,alltoall,4,dual,3,IB,524288,73.44,7.14,5.35
nccl_alltoall_perf_np4_dual_rep3,alltoall,4,dual,3,IB,1048576,88.64,11.83,8.87
nccl_alltoall_perf_np4_dual_rep3,alltoall,4,dual,3,IB,2097152,132.94,15.77,11.83
nccl_alltoall_perf_np4_dual_rep3,alltoall,4,dual,3,IB,4194304,202.59,20.7,15.53
nccl_alltoall_perf_np4_dual_rep3,alltoall,4,dual,3,IB,8388608,354.45,23.67,17.75
nccl_alltoall_perf_np4_dual_rep3,alltoall,4,dual,3,IB,16777216,626.89,26.76,20.07
nccl_alltoall_perf_np4_dual_rep3,alltoall,4,dual,3,IB,33554432,1164.71,28.81,21.61
nccl_alltoall_perf_np4_dual_rep3,alltoall,4,dual,3,IB,67108864,2277.08,29.47,22.1
nccl_alltoall_perf_np4_dual_rep3,alltoall,4,dual,3,IB,134217728,4551.97,29.49,22.11
nccl_alltoall_perf_np4_dual_rep3,alltoall,4,dual,3,IB,268435456,9065.71,29.61,22.21
nccl_alltoall_perf_np4_dual_rep3,alltoall,4,dual,3,IB,536870912,17855.6,30.07,22.55
nccl_alltoall_perf_np4_dual_rep3,alltoall,4,dual,3,IB,1073741824,35596.8,30.16,22.62
nccl_alltoall_perf_np4_single_rep1,alltoall,4,single,1,IB,1024,22.9,0.04,0.03
nccl_alltoall_perf_np4_single_rep1,alltoall,4,single,1,IB,2048,30.94,0.07,0.05
nccl_alltoall_perf_np4_single_rep1,alltoall,4,single,1,IB,4096,26.95,0.15,0.11
nccl_alltoall_perf_np4_single_rep1,alltoall,4,single,1,IB,8192,29.72,0.28,0.21
nccl_alltoall_perf_np4_single_rep1,alltoall,4,single,1,IB,16384,24.79,0.66,0.5
nccl_alltoall_perf_np4_single_rep1,alltoall,4,single,1,IB,32768,29.03,1.13,0.85
nccl_alltoall_perf_np4_single_rep1,alltoall,4,single,1,IB,65536,37.82,1.73,1.3
nccl_alltoall_perf_np4_single_rep1,alltoall,4,single,1,IB,131072,35.11,3.73,2.8
nccl_alltoall_perf_np4_single_rep1,alltoall,4,single,1,IB,262144,48.23,5.44,4.08
nccl_alltoall_perf_np4_single_rep1,alltoall,4,single,1,IB,524288,81.42,6.44,4.83
nccl_alltoall_perf_np4_single_rep1,alltoall,4,single,1,IB,1048576,115.05,9.11,6.84
nccl_alltoall_perf_np4_single_rep1,alltoall,4,single,1,IB,2097152,172.5,12.16,9.12
nccl_alltoall_perf_np4_single_rep1,alltoall,4,single,1,IB,4194304,297.29,14.11,10.58
nccl_alltoall_perf_np4_single_rep1,alltoall,4,single,1,IB,8388608,550.34,15.24,11.43
nccl_alltoall_perf_np4_single_rep1,alltoall,4,single,1,IB,16777216,1088.06,15.42,11.56
nccl_alltoall_perf_np4_single_rep1,alltoall,4,single,1,IB,33554432,2199.65,15.25,11.44
nccl_alltoall_perf_np4_single_rep1,alltoall,4,single,1,IB,67108864,4215.81,15.92,11.94
nccl_alltoall_perf_np4_single_rep1,alltoall,4,single,1,IB,134217728,8256.2,16.26,12.19
nccl_alltoall_perf_np4_single_rep1,alltoall,4,single,1,IB,268435456,16473.0,16.3,12.22
nccl_alltoall_perf_np4_single_rep1,alltoall,4,single,1,IB,536870912,32740.0,16.4,12.3
nccl_alltoall_perf_np4_single_rep1,alltoall,4,single,1,IB,1073741824,65033.9,16.51,12.38
nccl_alltoall_perf_np4_single_rep2,alltoall,4,single,2,IB,1024,24.84,0.04,0.03
nccl_alltoall_perf_np4_single_rep2,alltoall,4,single,2,IB,2048,30.68,0.07,0.05
nccl_alltoall_perf_np4_single_rep2,alltoall,4,single,2,IB,4096,23.55,0.17,0.13
nccl_alltoall_perf_np4_single_rep2,alltoall,4,single,2,IB,8192,23.54,0.35,0.26
nccl_alltoall_perf_np4_single_rep2,alltoall,4,single,2,IB,16384,30.79,0.53,0.4
nccl_alltoall_perf_np4_single_rep2,alltoall,4,single,2,IB,32768,22.65,1.45,1.09
nccl_alltoall_perf_np4_single_rep2,alltoall,4,single,2,IB,65536,26.17,2.5,1.88
nccl_alltoall_perf_np4_single_rep2,alltoall,4,single,2,IB,131072,39.63,3.31,2.48
nccl_alltoall_perf_np4_single_rep2,alltoall,4,single,2,IB,262144,43.48,6.03,4.52
nccl_alltoall_perf_np4_single_rep2,alltoall,4,single,2,IB,524288,67.6,7.76,5.82
nccl_alltoall_perf_np4_single_rep2,alltoall,4,single,2,IB,1048576,103.12,10.17,7.63
nccl_alltoall_perf_np4_single_rep2,alltoall,4,single,2,IB,2097152,173.82,12.06,9.05
nccl_alltoall_perf_np4_single_rep2,alltoall,4,single,2,IB,4194304,309.78,13.54,10.15
nccl_alltoall_perf_np4_single_rep2,alltoall,4,single,2,IB,8388608,559.53,14.99,11.24
nccl_alltoall_perf_np4_single_rep2,alltoall,4,single,2,IB,16777216,1100.02,15.25,11.44
nccl_alltoall_perf_np4_single_rep2,alltoall,4,single,2,IB,33554432,2109.24,15.91,11.93
nccl_alltoall_perf_np4_single_rep2,alltoall,4,single,2,IB,67108864,4433.54,15.14,11.35
nccl_alltoall_perf_np4_single_rep2,alltoall,4,single,2,IB,134217728,8386.38,16.0,12.0
nccl_alltoall_perf_np4_single_rep2,alltoall,4,single,2,IB,268435456,16840.0,15.94,11.96
nccl_alltoall_perf_np4_single_rep2,alltoall,4,single,2,IB,536870912,33006.4,16.27,12.2
nccl_alltoall_perf_np4_single_rep2,alltoall,4,single,2,IB,1073741824,65564.1,16.38,12.28
nccl_alltoall_perf_np4_single_rep3,alltoall,4,single,3,IB,1024,27.29,0.04,0.03
nccl_alltoall_perf_np4_single_rep3,alltoall,4,single,3,IB,2048,35.26,0.06,0.04
nccl_alltoall_perf_np4_single_rep3,alltoall,4,single,3,IB,4096,25.26,0.16,0.12
nccl_alltoall_perf_np4_single_rep3,alltoall,4,single,3,IB,8192,25.65,0.32,0.24
nccl_alltoall_perf_np4_single_rep3,alltoall,4,single,3,IB,16384,24.2,0.68,0.51
nccl_alltoall_perf_np4_single_rep3,alltoall,4,single,3,IB,32768,25.38,1.29,0.97
nccl_alltoall_perf_np4_single_rep3,alltoall,4,single,3,IB,65536,34.87,1.88,1.41
nccl_alltoall_perf_np4_single_rep3,alltoall,4,single,3,IB,131072,34.52,3.8,2.85
nccl_alltoall_perf_np4_single_rep3,alltoall,4,single,3,IB,262144,49.5,5.3,3.97
nccl_alltoall_perf_np4_single_rep3,alltoall,4,single,3,IB,524288,75.27,6.97,5.22
nccl_alltoall_perf_np4_single_rep3,alltoall,4,single,3,IB,1048576,115.21,9.1,6.83
nccl_alltoall_perf_np4_single_rep3,alltoall,4,single,3,IB,2097152,171.73,12.21,9.16
nccl_alltoall_perf_np4_single_rep3,alltoall,4,single,3,IB,4194304,292.98,14.32,10.74
nccl_alltoall_perf_np4_single_rep3,alltoall,4,single,3,IB,8388608,550.18,15.25,11.44
nccl_alltoall_perf_np4_single_rep3,alltoall,4,single,3,IB,16777216,1132.45,14.81,11.11
nccl_alltoall_perf_np4_single_rep3,alltoall,4,single,3,IB,33554432,2117.33,15.85,11.89
nccl_alltoall_perf_np4_single_rep3,alltoall,4,single,3,IB,67108864,4240.32,15.83,11.87
nccl_alltoall_perf_np4_single_rep3,alltoall,4,single,3,IB,134217728,8370.59,16.03,12.03
nccl_alltoall_perf_np4_single_rep3,alltoall,4,single,3,IB,268435456,16579.9,16.19,12.14
nccl_alltoall_perf_np4_single_rep3,alltoall,4,single,3,IB,536870912,32974.2,16.28,12.21
nccl_alltoall_perf_np4_single_rep3,alltoall,4,single,3,IB,1073741824,65188.7,16.47,12.35
nccl_alltoall_perf_np4_tcp_rep1,alltoall,4,tcp,1,Socket,1024,348.06,0.0,0.0
nccl_alltoall_perf_np4_tcp_rep1,alltoall,4,tcp,1,Socket,2048,362.95,0.01,0.0
nccl_alltoall_perf_np4_tcp_rep1,alltoall,4,tcp,1,Socket,4096,344.47,0.01,0.01
nccl_alltoall_perf_np4_tcp_rep1,alltoall,4,tcp,1,Socket,8192,306.73,0.03,0.02
nccl_alltoall_perf_np4_tcp_rep1,alltoall,4,tcp,1,Socket,16384,340.56,0.05,0.04
nccl_alltoall_perf_np4_tcp_rep1,alltoall,4,tcp,1,Socket,32768,373.19,0.09,0.07
nccl_alltoall_perf_np4_tcp_rep1,alltoall,4,tcp,1,Socket,65536,292.76,0.22,0.17
nccl_alltoall_perf_np4_tcp_rep1,alltoall,4,tcp,1,Socket,131072,349.49,0.38,0.28
nccl_alltoall_perf_np4_tcp_rep1,alltoall,4,tcp,1,Socket,262144,374.64,0.7,0.52
nccl_alltoall_perf_np4_tcp_rep1,alltoall,4,tcp,1,Socket,524288,424.27,1.24,0.93
nccl_alltoall_perf_np4_tcp_rep1,alltoall,4,tcp,1,Socket,1048576,620.44,1.69,1.27
nccl_alltoall_perf_np4_tcp_rep1,alltoall,4,tcp,1,Socket,2097152,1001.65,2.09,1.57
nccl_alltoall_perf_np4_tcp_rep1,alltoall,4,tcp,1,Socket,4194304,1836.21,2.28,1.71
nccl_alltoall_perf_np4_tcp_rep1,alltoall,4,tcp,1,Socket,8388608,3435.82,2.44,1.83
nccl_alltoall_perf_np4_tcp_rep1,alltoall,4,tcp,1,Socket,16777216,6750.65,2.49,1.86
nccl_alltoall_perf_np4_tcp_rep1,alltoall,4,tcp,1,Socket,33554432,13439.8,2.5,1.87
nccl_alltoall_perf_np4_tcp_rep1,alltoall,4,tcp,1,Socket,67108864,27062.2,2.48,1.86
nccl_alltoall_perf_np4_tcp_rep1,alltoall,4,tcp,1,Socket,134217728,48426.9,2.77,2.08
nccl_alltoall_perf_np4_tcp_rep1,alltoall,4,tcp,1,Socket,268435456,97002.3,2.77,2.08
nccl_alltoall_perf_np4_tcp_rep1,alltoall,4,tcp,1,Socket,536870912,194078.0,2.77,2.07
nccl_alltoall_perf_np4_tcp_rep1,alltoall,4,tcp,1,Socket,1073741824,388895.0,2.76,2.07
nccl_alltoall_perf_np4_tcp_rep2,alltoall,4,tcp,2,Socket,1024,330.7,0.0,0.0
nccl_alltoall_perf_np4_tcp_rep2,alltoall,4,tcp,2,Socket,2048,357.22,0.01,0.0
nccl_alltoall_perf_np4_tcp_rep2,alltoall,4,tcp,2,Socket,4096,340.18,0.01,0.01
nccl_alltoall_perf_np4_tcp_rep2,alltoall,4,tcp,2,Socket,8192,363.99,0.02,0.02
nccl_alltoall_perf_np4_tcp_rep2,alltoall,4,tcp,2,Socket,16384,358.24,0.05,0.03
nccl_alltoall_perf_np4_tcp_rep2,alltoall,4,tcp,2,Socket,32768,332.69,0.1,0.07
nccl_alltoall_perf_np4_tcp_rep2,alltoall,4,tcp,2,Socket,65536,391.04,0.17,0.13
nccl_alltoall_perf_np4_tcp_rep2,alltoall,4,tcp,2,Socket,131072,381.71,0.34,0.26
nccl_alltoall_perf_np4_tcp_rep2,alltoall,4,tcp,2,Socket,262144,412.7,0.64,0.48
nccl_alltoall_perf_np4_tcp_rep2,alltoall,4,tcp,2,Socket,524288,429.91,1.22,0.91
nccl_alltoall_perf_np4_tcp_rep2,alltoall,4,tcp,2,Socket,1048576,569.03,1.84,1.38
nccl_alltoall_perf_np4_tcp_rep2,alltoall,4,tcp,2,Socket,2097152,991.55,2.12,1.59
nccl_alltoall_perf_np4_tcp_rep2,alltoall,4,tcp,2,Socket,4194304,1830.16,2.29,1.72
nccl_alltoall_perf_np4_tcp_rep2,alltoall,4,tcp,2,Socket,8388608,3417.78,2.45,1.84
nccl_alltoall_perf_np4_tcp_rep2,alltoall,4,tcp,2,Socket,16777216,6702.02,2.5,1.88
nccl_alltoall_perf_np4_tcp_rep2,alltoall,4,tcp,2,Socket,33554432,13269.3,2.53,1.9
nccl_alltoall_perf_np4_tcp_rep2,alltoall,4,tcp,2,Socket,67108864,26519.6,2.53,1.9
nccl_alltoall_perf_np4_tcp_rep2,alltoall,4,tcp,2,Socket,134217728,53054.1,2.53,1.9
nccl_alltoall_perf_np4_tcp_rep2,alltoall,4,tcp,2,Socket,268435456,106236.0,2.53,1.9
nccl_alltoall_perf_np4_tcp_rep2,alltoall,4,tcp,2,Socket,536870912,213314.0,2.52,1.89
nccl_alltoall_perf_np4_tcp_rep2,alltoall,4,tcp,2,Socket,1073741824,423815.0,2.53,1.9
nccl_alltoall_perf_np4_tcp_rep3,alltoall,4,tcp,3,Socket,1024,322.36,0.0,0.0
nccl_alltoall_perf_np4_tcp_rep3,alltoall,4,tcp,3,Socket,2048,315.81,0.01,0.0
nccl_alltoall_perf_np4_tcp_rep3,alltoall,4,tcp,3,Socket,4096,313.48,0.01,0.01
nccl_alltoall_perf_np4_tcp_rep3,alltoall,4,tcp,3,Socket,8192,299.81,0.03,0.02
nccl_alltoall_perf_np4_tcp_rep3,alltoall,4,tcp,3,Socket,16384,333.27,0.05,0.04
nccl_alltoall_perf_np4_tcp_rep3,alltoall,4,tcp,3,Socket,32768,320.15,0.1,0.08
nccl_alltoall_perf_np4_tcp_rep3,alltoall,4,tcp,3,Socket,65536,294.32,0.22,0.17
nccl_alltoall_perf_np4_tcp_rep3,alltoall,4,tcp,3,Socket,131072,222.95,0.59,0.44
nccl_alltoall_perf_np4_tcp_rep3,alltoall,4,tcp,3,Socket,262144,316.7,0.83,0.62
nccl_alltoall_perf_np4_tcp_rep3,alltoall,4,tcp,3,Socket,524288,374.31,1.4,1.05
nccl_alltoall_perf_np4_tcp_rep3,alltoall,4,tcp,3,Socket,1048576,560.67,1.87,1.4
nccl_alltoall_perf_np4_tcp_rep3,alltoall,4,tcp,3,Socket,2097152,953.49,2.2,1.65
nccl_alltoall_perf_np4_tcp_rep3,alltoall,4,tcp,3,Socket,4194304,1814.52,2.31,1.73
nccl_alltoall_perf_np4_tcp_rep3,alltoall,4,tcp,3,Socket,8388608,3064.98,2.74,2.05
nccl_alltoall_perf_np4_tcp_rep3,alltoall,4,tcp,3,Socket,16777216,6276.57,2.67,2.0
nccl_alltoall_perf_np4_tcp_rep3,alltoall,4,tcp,3,Socket,33554432,12154.3,2.76,2.07
nccl_alltoall_perf_np4_tcp_rep3,alltoall,4,tcp,3,Socket,67108864,24299.1,2.76,2.07
nccl_alltoall_perf_np4_tcp_rep3,alltoall,4,tcp,3,Socket,134217728,48021.6,2.79,2.1
nccl_alltoall_perf_np4_tcp_rep3,alltoall,4,tcp,3,Socket,268435456,96087.6,2.79,2.1
nccl_alltoall_perf_np4_tcp_rep3,alltoall,4,tcp,3,Socket,536870912,193648.0,2.77,2.08
nccl_alltoall_perf_np4_tcp_rep3,alltoall,4,tcp,3,Socket,1073741824,380260.0,2.82,2.12
nccl_sendrecv_perf_np2_dual_rep1,sendrecv,2,dual,1,IB,1024,26.37,0.04,0.04
nccl_sendrecv_perf_np2_dual_rep1,sendrecv,2,dual,1,IB,2048,34.37,0.06,0.06
nccl_sendrecv_perf_np2_dual_rep1,sendrecv,2,dual,1,IB,4096,26.34,0.16,0.16
nccl_sendrecv_perf_np2_dual_rep1,sendrecv,2,dual,1,IB,8192,27.34,0.3,0.3
nccl_sendrecv_perf_np2_dual_rep1,sendrecv,2,dual,1,IB,16384,28.88,0.57,0.57
nccl_sendrecv_perf_np2_dual_rep1,sendrecv,2,dual,1,IB,32768,31.19,1.05,1.05
nccl_sendrecv_perf_np2_dual_rep1,sendrecv,2,dual,1,IB,65536,38.26,1.71,1.71
nccl_sendrecv_perf_np2_dual_rep1,sendrecv,2,dual,1,IB,131072,55.97,2.34,2.34
nccl_sendrecv_perf_np2_dual_rep1,sendrecv,2,dual,1,IB,262144,62.89,4.17,4.17
nccl_sendrecv_perf_np2_dual_rep1,sendrecv,2,dual,1,IB,524288,78.16,6.71,6.71
nccl_sendrecv_perf_np2_dual_rep1,sendrecv,2,dual,1,IB,1048576,105.08,9.98,9.98
nccl_sendrecv_perf_np2_dual_rep1,sendrecv,2,dual,1,IB,2097152,155.76,13.46,13.46
nccl_sendrecv_perf_np2_dual_rep1,sendrecv,2,dual,1,IB,4194304,246.97,16.98,16.98
nccl_sendrecv_perf_np2_dual_rep1,sendrecv,2,dual,1,IB,8388608,431.85,19.43,19.43
nccl_sendrecv_perf_np2_dual_rep1,sendrecv,2,dual,1,IB,16777216,824.33,20.35,20.35
nccl_sendrecv_perf_np2_dual_rep1,sendrecv,2,dual,1,IB,33554432,1578.02,21.26,21.26
nccl_sendrecv_perf_np2_dual_rep1,sendrecv,2,dual,1,IB,67108864,3069.89,21.86,21.86
nccl_sendrecv_perf_np2_dual_rep1,sendrecv,2,dual,1,IB,134217728,6078.4,22.08,22.08
nccl_sendrecv_perf_np2_dual_rep1,sendrecv,2,dual,1,IB,268435456,12082.0,22.22,22.22
nccl_sendrecv_perf_np2_dual_rep1,sendrecv,2,dual,1,IB,536870912,24229.5,22.16,22.16
nccl_sendrecv_perf_np2_dual_rep1,sendrecv,2,dual,1,IB,1073741824,48211.9,22.27,22.27
nccl_sendrecv_perf_np2_dual_rep2,sendrecv,2,dual,2,IB,1024,30.01,0.03,0.03
nccl_sendrecv_perf_np2_dual_rep2,sendrecv,2,dual,2,IB,2048,28.08,0.07,0.07
nccl_sendrecv_perf_np2_dual_rep2,sendrecv,2,dual,2,IB,4096,31.97,0.13,0.13
nccl_sendrecv_perf_np2_dual_rep2,sendrecv,2,dual,2,IB,8192,28.81,0.28,0.28
nccl_sendrecv_perf_np2_dual_rep2,sendrecv,2,dual,2,IB,16384,29.4,0.56,0.56
nccl_sendrecv_perf_np2_dual_rep2,sendrecv,2,dual,2,IB,32768,32.06,1.02,1.02
nccl_sendrecv_perf_np2_dual_rep2,sendrecv,2,dual,2,IB,65536,43.19,1.52,1.52
nccl_sendrecv_perf_np2_dual_rep2,sendrecv,2,dual,2,IB,131072,48.63,2.7,2.7
nccl_sendrecv_perf_np2_dual_rep2,sendrecv,2,dual,2,IB,262144,54.91,4.77,4.77
nccl_sendrecv_perf_np2_dual_rep2,sendrecv,2,dual,2,IB,524288,73.1,7.17,7.17
nccl_sendrecv_perf_np2_dual_rep2,sendrecv,2,dual,2,IB,1048576,106.55,9.84,9.84
nccl_sendrecv_perf_np2_dual_rep2,sendrecv,2,dual,2,IB,2097152,155.84,13.46,13.46
nccl_sendrecv_perf_np2_dual_rep2,sendrecv,2,dual,2,IB,4194304,255.75,16.4,16.4
nccl_sendrecv_perf_np2_dual_rep2,sendrecv,2,dual,2,IB,8388608,451.74,18.57,18.57
nccl_sendrecv_perf_np2_dual_rep2,sendrecv,2,dual,2,IB,16777216,827.89,20.26,20.26
nccl_sendrecv_perf_np2_dual_rep2,sendrecv,2,dual,2,IB,33554432,1590.28,21.1,21.1
nccl_sendrecv_perf_np2_dual_rep2,sendrecv,2,dual,2,IB,67108864,3132.04,21.43,21.43
nccl_sendrecv_perf_np2_dual_rep2,sendrecv,2,dual,2,IB,134217728,6160.72,21.79,21.79
nccl_sendrecv_perf_np2_dual_rep2,sendrecv,2,dual,2,IB,268435456,12253.7,21.91,21.91
nccl_sendrecv_perf_np2_dual_rep2,sendrecv,2,dual,2,IB,536870912,24087.2,22.29,22.29
nccl_sendrecv_perf_np2_dual_rep2,sendrecv,2,dual,2,IB,1073741824,48646.5,22.07,22.07
nccl_sendrecv_perf_np2_dual_rep3,sendrecv,2,dual,3,IB,1024,27.6,0.04,0.04
nccl_sendrecv_perf_np2_dual_rep3,sendrecv,2,dual,3,IB,2048,28.84,0.07,0.07
nccl_sendrecv_perf_np2_dual_rep3,sendrecv,2,dual,3,IB,4096,28.63,0.14,0.14
nccl_sendrecv_perf_np2_dual_rep3,sendrecv,2,dual,3,IB,8192,33.31,0.25,0.25
nccl_sendrecv_perf_np2_dual_rep3,sendrecv,2,dual,3,IB,16384,28.98,0.57,0.57
nccl_sendrecv_perf_np2_dual_rep3,sendrecv,2,dual,3,IB,32768,35.31,0.93,0.93
nccl_sendrecv_perf_np2_dual_rep3,sendrecv,2,dual,3,IB,65536,38.49,1.7,1.7
nccl_sendrecv_perf_np2_dual_rep3,sendrecv,2,dual,3,IB,131072,48.09,2.73,2.73
nccl_sendrecv_perf_np2_dual_rep3,sendrecv,2,dual,3,IB,262144,51.92,5.05,5.05
nccl_sendrecv_perf_np2_dual_rep3,sendrecv,2,dual,3,IB,524288,69.5,7.54,7.54
nccl_sendrecv_perf_np2_dual_rep3,sendrecv,2,dual,3,IB,1048576,93.6,11.2,11.2
nccl_sendrecv_perf_np2_dual_rep3,sendrecv,2,dual,3,IB,2097152,153.1,13.7,13.7
nccl_sendrecv_perf_np2_dual_rep3,sendrecv,2,dual,3,IB,4194304,242.94,17.26,17.26
nccl_sendrecv_perf_np2_dual_rep3,sendrecv,2,dual,3,IB,8388608,441.39,19.0,19.0
nccl_sendrecv_perf_np2_dual_rep3,sendrecv,2,dual,3,IB,16777216,805.96,20.82,20.82
nccl_sendrecv_perf_np2_dual_rep3,sendrecv,2,dual,3,IB,33554432,1559.4,21.52,21.52
nccl_sendrecv_perf_np2_dual_rep3,sendrecv,2,dual,3,IB,67108864,3071.74,21.85,21.85
nccl_sendrecv_perf_np2_dual_rep3,sendrecv,2,dual,3,IB,134217728,6069.34,22.11,22.11
nccl_sendrecv_perf_np2_dual_rep3,sendrecv,2,dual,3,IB,268435456,12063.7,22.25,22.25
nccl_sendrecv_perf_np2_dual_rep3,sendrecv,2,dual,3,IB,536870912,24465.9,21.94,21.94
nccl_sendrecv_perf_np2_dual_rep3,sendrecv,2,dual,3,IB,1073741824,48117.5,22.31,22.31
nccl_sendrecv_perf_np2_single_rep1,sendrecv,2,single,1,IB,1024,26.88,0.04,0.04
nccl_sendrecv_perf_np2_single_rep1,sendrecv,2,single,1,IB,2048,33.06,0.06,0.06
nccl_sendrecv_perf_np2_single_rep1,sendrecv,2,single,1,IB,4096,31.46,0.13,0.13
nccl_sendrecv_perf_np2_single_rep1,sendrecv,2,single,1,IB,8192,28.78,0.28,0.28
nccl_sendrecv_perf_np2_single_rep1,sendrecv,2,single,1,IB,16384,33.16,0.49,0.49
nccl_sendrecv_perf_np2_single_rep1,sendrecv,2,single,1,IB,32768,35.8,0.92,0.92
nccl_sendrecv_perf_np2_single_rep1,sendrecv,2,single,1,IB,65536,36.0,1.82,1.82
nccl_sendrecv_perf_np2_single_rep1,sendrecv,2,single,1,IB,131072,48.14,2.72,2.72
nccl_sendrecv_perf_np2_single_rep1,sendrecv,2,single,1,IB,262144,65.93,3.98,3.98
nccl_sendrecv_perf_np2_single_rep1,sendrecv,2,single,1,IB,524288,90.55,5.79,5.79
nccl_sendrecv_perf_np2_single_rep1,sendrecv,2,single,1,IB,1048576,144.41,7.26,7.26
nccl_sendrecv_perf_np2_single_rep1,sendrecv,2,single,1,IB,2097152,228.89,9.16,9.16
nccl_sendrecv_perf_np2_single_rep1,sendrecv,2,single,1,IB,4194304,408.15,10.28,10.28
nccl_sendrecv_perf_np2_single_rep1,sendrecv,2,single,1,IB,8388608,747.1,11.23,11.23
nccl_sendrecv_perf_np2_single_rep1,sendrecv,2,single,1,IB,16777216,1447.12,11.59,11.59
nccl_sendrecv_perf_np2_single_rep1,sendrecv,2,single,1,IB,33554432,2823.89,11.88,11.88
nccl_sendrecv_perf_np2_single_rep1,sendrecv,2,single,1,IB,67108864,5560.83,12.07,12.07
nccl_sendrecv_perf_np2_single_rep1,sendrecv,2,single,1,IB,134217728,11063.6,12.13,12.13
nccl_sendrecv_perf_np2_single_rep1,sendrecv,2,single,1,IB,268435456,22109.6,12.14,12.14
nccl_sendrecv_perf_np2_single_rep1,sendrecv,2,single,1,IB,536870912,44207.8,12.14,12.14
nccl_sendrecv_perf_np2_single_rep1,sendrecv,2,single,1,IB,1073741824,88396.4,12.15,12.15
nccl_sendrecv_perf_np2_single_rep2,sendrecv,2,single,2,IB,1024,29.14,0.04,0.04
nccl_sendrecv_perf_np2_single_rep2,sendrecv,2,single,2,IB,2048,33.26,0.06,0.06
nccl_sendrecv_perf_np2_single_rep2,sendrecv,2,single,2,IB,4096,30.54,0.13,0.13
nccl_sendrecv_perf_np2_single_rep2,sendrecv,2,single,2,IB,8192,27.53,0.3,0.3
nccl_sendrecv_perf_np2_single_rep2,sendrecv,2,single,2,IB,16384,31.34,0.52,0.52
nccl_sendrecv_perf_np2_single_rep2,sendrecv,2,single,2,IB,32768,31.34,1.05,1.05
nccl_sendrecv_perf_np2_single_rep2,sendrecv,2,single,2,IB,65536,34.99,1.87,1.87
nccl_sendrecv_perf_np2_single_rep2,sendrecv,2,single,2,IB,131072,50.02,2.62,2.62
nccl_sendrecv_perf_np2_single_rep2,sendrecv,2,single,2,IB,262144,59.7,4.39,4.39
nccl_sendrecv_perf_np2_single_rep2,sendrecv,2,single,2,IB,524288,91.44,5.73,5.73
nccl_sendrecv_perf_np2_single_rep2,sendrecv,2,single,2,IB,1048576,132.41,7.92,7.92
nccl_sendrecv_perf_np2_single_rep2,sendrecv,2,single,2,IB,2097152,223.24,9.39,9.39
nccl_sendrecv_perf_np2_single_rep2,sendrecv,2,single,2,IB,4194304,396.36,10.58,10.58
nccl_sendrecv_perf_np2_single_rep2,sendrecv,2,single,2,IB,8388608,744.24,11.27,11.27
nccl_sendrecv_perf_np2_single_rep2,sendrecv,2,single,2,IB,16777216,1429.02,11.74,11.74
nccl_sendrecv_perf_np2_single_rep2,sendrecv,2,single,2,IB,33554432,2802.82,11.97,11.97
nccl_sendrecv_perf_np2_single_rep2,sendrecv,2,single,2,IB,67108864,5574.75,12.04,12.04
nccl_sendrecv_perf_np2_single_rep2,sendrecv,2,single,2,IB,134217728,11211.8,11.97,11.97
nccl_sendrecv_perf_np2_single_rep2,sendrecv,2,single,2,IB,268435456,22384.5,11.99,11.99
nccl_sendrecv_perf_np2_single_rep2,sendrecv,2,single,2,IB,536870912,44070.0,12.18,12.18
nccl_sendrecv_perf_np2_single_rep2,sendrecv,2,single,2,IB,1073741824,88536.7,12.13,12.13
nccl_sendrecv_perf_np2_single_rep3,sendrecv,2,single,3,IB,1024,27.18,0.04,0.04
nccl_sendrecv_perf_np2_single_rep3,sendrecv,2,single,3,IB,2048,33.34,0.06,0.06
nccl_sendrecv_perf_np2_single_rep3,sendrecv,2,single,3,IB,4096,27.62,0.15,0.15
nccl_sendrecv_perf_np2_single_rep3,sendrecv,2,single,3,IB,8192,29.65,0.28,0.28
nccl_sendrecv_perf_np2_single_rep3,sendrecv,2,single,3,IB,16384,33.38,0.49,0.49
nccl_sendrecv_perf_np2_single_rep3,sendrecv,2,single,3,IB,32768,31.5,1.04,1.04
nccl_sendrecv_perf_np2_single_rep3,sendrecv,2,single,3,IB,65536,45.55,1.44,1.44
nccl_sendrecv_perf_np2_single_rep3,sendrecv,2,single,3,IB,131072,51.35,2.55,2.55
nccl_sendrecv_perf_np2_single_rep3,sendrecv,2,single,3,IB,262144,64.04,4.09,4.09
nccl_sendrecv_perf_np2_single_rep3,sendrecv,2,single,3,IB,524288,87.95,5.96,5.96
nccl_sendrecv_perf_np2_single_rep3,sendrecv,2,single,3,IB,1048576,137.31,7.64,7.64
nccl_sendrecv_perf_np2_single_rep3,sendrecv,2,single,3,IB,2097152,228.01,9.2,9.2
nccl_sendrecv_perf_np2_single_rep3,sendrecv,2,single,3,IB,4194304,401.7,10.44,10.44
nccl_sendrecv_perf_np2_single_rep3,sendrecv,2,single,3,IB,8388608,755.86,11.1,11.1
nccl_sendrecv_perf_np2_single_rep3,sendrecv,2,single,3,IB,16777216,1475.02,11.37,11.37
nccl_sendrecv_perf_np2_single_rep3,sendrecv,2,single,3,IB,33554432,2844.54,11.8,11.8
nccl_sendrecv_perf_np2_single_rep3,sendrecv,2,single,3,IB,67108864,5591.64,12.0,12.0
nccl_sendrecv_perf_np2_single_rep3,sendrecv,2,single,3,IB,134217728,11111.8,12.08,12.08
nccl_sendrecv_perf_np2_single_rep3,sendrecv,2,single,3,IB,268435456,22028.6,12.19,12.19
nccl_sendrecv_perf_np2_single_rep3,sendrecv,2,single,3,IB,536870912,44605.1,12.04,12.04
nccl_sendrecv_perf_np2_single_rep3,sendrecv,2,single,3,IB,1073741824,88500.4,12.13,12.13
nccl_sendrecv_perf_np2_tcp_rep1,sendrecv,2,tcp,1,Socket,1024,295.72,0.0,0.0
nccl_sendrecv_perf_np2_tcp_rep1,sendrecv,2,tcp,1,Socket,2048,245.75,0.01,0.01
nccl_sendrecv_perf_np2_tcp_rep1,sendrecv,2,tcp,1,Socket,4096,369.23,0.01,0.01
nccl_sendrecv_perf_np2_tcp_rep1,sendrecv,2,tcp,1,Socket,8192,319.25,0.03,0.03
nccl_sendrecv_perf_np2_tcp_rep1,sendrecv,2,tcp,1,Socket,16384,237.0,0.07,0.07
nccl_sendrecv_perf_np2_tcp_rep1,sendrecv,2,tcp,1,Socket,32768,357.16,0.09,0.09
nccl_sendrecv_perf_np2_tcp_rep1,sendrecv,2,tcp,1,Socket,65536,296.8,0.22,0.22
nccl_sendrecv_perf_np2_tcp_rep1,sendrecv,2,tcp,1,Socket,131072,412.14,0.32,0.32
nccl_sendrecv_perf_np2_tcp_rep1,sendrecv,2,tcp,1,Socket,262144,483.66,0.54,0.54
nccl_sendrecv_perf_np2_tcp_rep1,sendrecv,2,tcp,1,Socket,524288,666.85,0.79,0.79
nccl_sendrecv_perf_np2_tcp_rep1,sendrecv,2,tcp,1,Socket,1048576,980.21,1.07,1.07
nccl_sendrecv_perf_np2_tcp_rep1,sendrecv,2,tcp,1,Socket,2097152,1366.42,1.53,1.53
nccl_sendrecv_perf_np2_tcp_rep1,sendrecv,2,tcp,1,Socket,4194304,2335.22,1.8,1.8
nccl_sendrecv_perf_np2_tcp_rep1,sendrecv,2,tcp,1,Socket,8388608,4427.1,1.89,1.89
nccl_sendrecv_perf_np2_tcp_rep1,sendrecv,2,tcp,1,Socket,16777216,8673.04,1.93,1.93
nccl_sendrecv_perf_np2_tcp_rep1,sendrecv,2,tcp,1,Socket,33554432,16924.6,1.98,1.98
nccl_sendrecv_perf_np2_tcp_rep1,sendrecv,2,tcp,1,Socket,67108864,33084.8,2.03,2.03
nccl_sendrecv_perf_np2_tcp_rep1,sendrecv,2,tcp,1,Socket,134217728,66698.8,2.01,2.01
nccl_sendrecv_perf_np2_tcp_rep1,sendrecv,2,tcp,1,Socket,268435456,131808.0,2.04,2.04
nccl_sendrecv_perf_np2_tcp_rep1,sendrecv,2,tcp,1,Socket,536870912,264330.0,2.03,2.03
nccl_sendrecv_perf_np2_tcp_rep1,sendrecv,2,tcp,1,Socket,1073741824,543659.0,1.98,1.98
nccl_sendrecv_perf_np2_tcp_rep2,sendrecv,2,tcp,2,Socket,1024,213.05,0.0,0.0
nccl_sendrecv_perf_np2_tcp_rep2,sendrecv,2,tcp,2,Socket,2048,188.85,0.01,0.01
nccl_sendrecv_perf_np2_tcp_rep2,sendrecv,2,tcp,2,Socket,4096,193.57,0.02,0.02
nccl_sendrecv_perf_np2_tcp_rep2,sendrecv,2,tcp,2,Socket,8192,252.88,0.03,0.03
nccl_sendrecv_perf_np2_tcp_rep2,sendrecv,2,tcp,2,Socket,16384,319.66,0.05,0.05
nccl_sendrecv_perf_np2_tcp_rep2,sendrecv,2,tcp,2,Socket,32768,308.36,0.11,0.11
nccl_sendrecv_perf_np2_tcp_rep2,sendrecv,2,tcp,2,Socket,65536,313.95,0.21,0.21
nccl_sendrecv_perf_np2_tcp_rep2,sendrecv,2,tcp,2,Socket,131072,366.67,0.36,0.36
nccl_sendrecv_perf_np2_tcp_rep2,sendrecv,2,tcp,2,Socket,262144,428.46,0.61,0.61
nccl_sendrecv_perf_np2_tcp_rep2,sendrecv,2,tcp,2,Socket,524288,518.64,1.01,1.01
nccl_sendrecv_perf_np2_tcp_rep2,sendrecv,2,tcp,2,Socket,1048576,880.79,1.19,1.19
nccl_sendrecv_perf_np2_tcp_rep2,sendrecv,2,tcp,2,Socket,2097152,1217.83,1.72,1.72
nccl_sendrecv_perf_np2_tcp_rep2,sendrecv,2,tcp,2,Socket,4194304,2226.54,1.88,1.88
nccl_sendrecv_perf_np2_tcp_rep2,sendrecv,2,tcp,2,Socket,8388608,4239.38,1.98,1.98
nccl_sendrecv_perf_np2_tcp_rep2,sendrecv,2,tcp,2,Socket,16777216,8537.81,1.97,1.97
nccl_sendrecv_perf_np2_tcp_rep2,sendrecv,2,tcp,2,Socket,33554432,16671.4,2.01,2.01
nccl_sendrecv_perf_np2_tcp_rep2,sendrecv,2,tcp,2,Socket,67108864,33107.3,2.03,2.03
nccl_sendrecv_perf_np2_tcp_rep2,sendrecv,2,tcp,2,Socket,134217728,65644.4,2.04,2.04
nccl_sendrecv_perf_np2_tcp_rep2,sendrecv,2,tcp,2,Socket,268435456,131129.0,2.05,2.05
nccl_sendrecv_perf_np2_tcp_rep2,sendrecv,2,tcp,2,Socket,536870912,258077.0,2.08,2.08
nccl_sendrecv_perf_np2_tcp_rep2,sendrecv,2,tcp,2,Socket,1073741824,502348.0,2.14,2.14
nccl_sendrecv_perf_np2_tcp_rep3,sendrecv,2,tcp,3,Socket,1024,254.95,0.0,0.0
nccl_sendrecv_perf_np2_tcp_rep3,sendrecv,2,tcp,3,Socket,2048,172.74,0.01,0.01
nccl_sendrecv_perf_np2_tcp_rep3,sendrecv,2,tcp,3,Socket,4096,304.38,0.01,0.01
nccl_sendrecv_perf_np2_tcp_rep3,sendrecv,2,tcp,3,Socket,8192,276.48,0.03,0.03
nccl_sendrecv_perf_np2_tcp_rep3,sendrecv,2,tcp,3,Socket,16384,266.5,0.06,0.06
nccl_sendrecv_perf_np2_tcp_rep3,sendrecv,2,tcp,3,Socket,32768,218.97,0.15,0.15
nccl_sendrecv_perf_np2_tcp_rep3,sendrecv,2,tcp,3,Socket,65536,282.08,0.23,0.23
nccl_sendrecv_perf_np2_tcp_rep3,sendrecv,2,tcp,3,Socket,131072,361.5,0.36,0.36
nccl_sendrecv_perf_np2_tcp_rep3,sendrecv,2,tcp,3,Socket,262144,496.49,0.53,0.53
nccl_sendrecv_perf_np2_tcp_rep3,sendrecv,2,tcp,3,Socket,524288,602.86,0.87,0.87
nccl_sendrecv_perf_np2_tcp_rep3,sendrecv,2,tcp,3,Socket,1048576,901.98,1.16,1.16
nccl_sendrecv_perf_np2_tcp_rep3,sendrecv,2,tcp,3,Socket,2097152,1304.49,1.61,1.61
nccl_sendrecv_perf_np2_tcp_rep3,sendrecv,2,tcp,3,Socket,4194304,2329.64,1.8,1.8
nccl_sendrecv_perf_np2_tcp_rep3,sendrecv,2,tcp,3,Socket,8388608,4453.64,1.88,1.88
nccl_sendrecv_perf_np2_tcp_rep3,sendrecv,2,tcp,3,Socket,16777216,8764.62,1.91,1.91
nccl_sendrecv_perf_np2_tcp_rep3,sendrecv,2,tcp,3,Socket,33554432,16770.1,2.0,2.0
nccl_sendrecv_perf_np2_tcp_rep3,sendrecv,2,tcp,3,Socket,67108864,33837.5,1.98,1.98
nccl_sendrecv_perf_np2_tcp_rep3,sendrecv,2,tcp,3,Socket,134217728,69064.2,1.94,1.94
nccl_sendrecv_perf_np2_tcp_rep3,sendrecv,2,tcp,3,Socket,268435456,138940.0,1.93,1.93
nccl_sendrecv_perf_np2_tcp_rep3,sendrecv,2,tcp,3,Socket,536870912,270803.0,1.98,1.98
nccl_sendrecv_perf_np2_tcp_rep3,sendrecv,2,tcp,3,Socket,1073741824,535676.0,2.0,2.0
nccl_sendrecv_perf_np4_dual_rep1,sendrecv,4,dual,1,IB,1024,22.96,0.04,0.04
nccl_sendrecv_perf_np4_dual_rep1,sendrecv,4,dual,1,IB,2048,29.47,0.07,0.07
nccl_sendrecv_perf_np4_dual_rep1,sendrecv,4,dual,1,IB,4096,20.03,0.2,0.2
nccl_sendrecv_perf_np4_dual_rep1,sendrecv,4,dual,1,IB,8192,21.43,0.38,0.38
nccl_sendrecv_perf_np4_dual_rep1,sendrecv,4,dual,1,IB,16384,23.75,0.69,0.69
nccl_sendrecv_perf_np4_dual_rep1,sendrecv,4,dual,1,IB,32768,26.78,1.22,1.22
nccl_sendrecv_perf_np4_dual_rep1,sendrecv,4,dual,1,IB,65536,31.74,2.06,2.06
nccl_sendrecv_perf_np4_dual_rep1,sendrecv,4,dual,1,IB,131072,52.97,2.47,2.47
nccl_sendrecv_perf_np4_dual_rep1,sendrecv,4,dual,1,IB,262144,50.59,5.18,5.18
nccl_sendrecv_perf_np4_dual_rep1,sendrecv,4,dual,1,IB,524288,69.25,7.57,7.57
nccl_sendrecv_perf_np4_dual_rep1,sendrecv,4,dual,1,IB,1048576,93.71,11.19,11.19
nccl_sendrecv_perf_np4_dual_rep1,sendrecv,4,dual,1,IB,2097152,154.5,13.57,13.57
nccl_sendrecv_perf_np4_dual_rep1,sendrecv,4,dual,1,IB,4194304,246.27,17.03,17.03
nccl_sendrecv_perf_np4_dual_rep1,sendrecv,4,dual,1,IB,8388608,441.79,18.99,18.99
nccl_sendrecv_perf_np4_dual_rep1,sendrecv,4,dual,1,IB,16777216,811.46,20.68,20.68
nccl_sendrecv_perf_np4_dual_rep1,sendrecv,4,dual,1,IB,33554432,1578.53,21.26,21.26
nccl_sendrecv_perf_np4_dual_rep1,sendrecv,4,dual,1,IB,67108864,3068.33,21.87,21.87
nccl_sendrecv_perf_np4_dual_rep1,sendrecv,4,dual,1,IB,134217728,6066.64,22.12,22.12
nccl_sendrecv_perf_np4_dual_rep1,sendrecv,4,dual,1,IB,268435456,12159.8,22.08,22.08
nccl_sendrecv_perf_np4_dual_rep1,sendrecv,4,dual,1,IB,536870912,24405.4,22.0,22.0
nccl_sendrecv_perf_np4_dual_rep1,sendrecv,4,dual,1,IB,1073741824,48093.6,22.33,22.33
nccl_sendrecv_perf_np4_dual_rep2,sendrecv,4,dual,2,IB,1024,24.51,0.04,0.04
nccl_sendrecv_perf_np4_dual_rep2,sendrecv,4,dual,2,IB,2048,30.66,0.07,0.07
nccl_sendrecv_perf_np4_dual_rep2,sendrecv,4,dual,2,IB,4096,21.29,0.19,0.19
nccl_sendrecv_perf_np4_dual_rep2,sendrecv,4,dual,2,IB,8192,22.31,0.37,0.37
nccl_sendrecv_perf_np4_dual_rep2,sendrecv,4,dual,2,IB,16384,25.16,0.65,0.65
nccl_sendrecv_perf_np4_dual_rep2,sendrecv,4,dual,2,IB,32768,27.45,1.19,1.19
nccl_sendrecv_perf_np4_dual_rep2,sendrecv,4,dual,2,IB,65536,33.31,1.97,1.97
nccl_sendrecv_perf_np4_dual_rep2,sendrecv,4,dual,2,IB,131072,43.8,2.99,2.99
nccl_sendrecv_perf_np4_dual_rep2,sendrecv,4,dual,2,IB,262144,54.42,4.82,4.82
nccl_sendrecv_perf_np4_dual_rep2,sendrecv,4,dual,2,IB,524288,68.98,7.6,7.6
nccl_sendrecv_perf_np4_dual_rep2,sendrecv,4,dual,2,IB,1048576,96.14,10.91,10.91
nccl_sendrecv_perf_np4_dual_rep2,sendrecv,4,dual,2,IB,2097152,156.85,13.37,13.37
nccl_sendrecv_perf_np4_dual_rep2,sendrecv,4,dual,2,IB,4194304,242.64,17.29,17.29
nccl_sendrecv_perf_np4_dual_rep2,sendrecv,4,dual,2,IB,8388608,438.54,19.13,19.13
nccl_sendrecv_perf_np4_dual_rep2,sendrecv,4,dual,2,IB,16777216,828.11,20.26,20.26
nccl_sendrecv_perf_np4_dual_rep2,sendrecv,4,dual,2,IB,33554432,1562.84,21.47,21.47
nccl_sendrecv_perf_np4_dual_rep2,sendrecv,4,dual,2,IB,67108864,3090.65,21.71,21.71
nccl_sendrecv_perf_np4_dual_rep2,sendrecv,4,dual,2,IB,134217728,6137.4,21.87,21.87
nccl_sendrecv_perf_np4_dual_rep2,sendrecv,4,dual,2,IB,268435456,12107.4,22.17,22.17
nccl_sendrecv_perf_np4_dual_rep2,sendrecv,4,dual,2,IB,536870912,24024.8,22.35,22.35
nccl_sendrecv_perf_np4_dual_rep2,sendrecv,4,dual,2,IB,1073741824,48438.2,22.17,22.17
nccl_sendrecv_perf_np4_dual_rep3,sendrecv,4,dual,3,IB,1024,22.87,0.04,0.04
nccl_sendrecv_perf_np4_dual_rep3,sendrecv,4,dual,3,IB,2048,30.63,0.07,0.07
nccl_sendrecv_perf_np4_dual_rep3,sendrecv,4,dual,3,IB,4096,23.72,0.17,0.17
nccl_sendrecv_perf_np4_dual_rep3,sendrecv,4,dual,3,IB,8192,24.87,0.33,0.33
nccl_sendrecv_perf_np4_dual_rep3,sendrecv,4,dual,3,IB,16384,34.53,0.47,0.47
nccl_sendrecv_perf_np4_dual_rep3,sendrecv,4,dual,3,IB,32768,30.72,1.07,1.07
nccl_sendrecv_perf_np4_dual_rep3,sendrecv,4,dual,3,IB,65536,32.22,2.03,2.03
nccl_sendrecv_perf_np4_dual_rep3,sendrecv,4,dual,3,IB,131072,54.38,2.41,2.41
nccl_sendrecv_perf_np4_dual_rep3,sendrecv,4,dual,3,IB,262144,42.77,6.13,6.13
nccl_sendrecv_perf_np4_dual_rep3,sendrecv,4,dual,3,IB,524288,65.73,7.98,7.98
nccl_sendrecv_perf_np4_dual_rep3,sendrecv,4,dual,3,IB,1048576,92.31,11.36,11.36
nccl_sendrecv_perf_np4_dual_rep3,sendrecv,4,dual,3,IB,2097152,150.72,13.91,13.91
nccl_sendrecv_perf_np4_dual_rep3,sendrecv,4,dual,3,IB,4194304,243.6,17.22,17.22
nccl_sendrecv_perf_np4_dual_rep3,sendrecv,4,dual,3,IB,8388608,440.43,19.05,19.05
nccl_sendrecv_perf_np4_dual_rep3,sendrecv,4,dual,3,IB,16777216,820.07,20.46,20.46
nccl_sendrecv_perf_np4_dual_rep3,sendrecv,4,dual,3,IB,33554432,1565.88,21.43,21.43
nccl_sendrecv_perf_np4_dual_rep3,sendrecv,4,dual,3,IB,67108864,3062.09,21.92,21.92
nccl_sendrecv_perf_np4_dual_rep3,sendrecv,4,dual,3,IB,134217728,6051.06,22.18,22.18
nccl_sendrecv_perf_np4_dual_rep3,sendrecv,4,dual,3,IB,268435456,12094.4,22.19,22.19
nccl_sendrecv_perf_np4_dual_rep3,sendrecv,4,dual,3,IB,536870912,24420.5,21.98,21.98
nccl_sendrecv_perf_np4_dual_rep3,sendrecv,4,dual,3,IB,1073741824,48209.8,22.27,22.27
nccl_sendrecv_perf_np4_single_rep1,sendrecv,4,single,1,IB,1024,20.64,0.05,0.05
nccl_sendrecv_perf_np4_single_rep1,sendrecv,4,single,1,IB,2048,18.98,0.11,0.11
nccl_sendrecv_perf_np4_single_rep1,sendrecv,4,single,1,IB,4096,24.29,0.17,0.17
nccl_sendrecv_perf_np4_single_rep1,sendrecv,4,single,1,IB,8192,26.18,0.31,0.31
nccl_sendrecv_perf_np4_single_rep1,sendrecv,4,single,1,IB,16384,29.55,0.55,0.55
nccl_sendrecv_perf_np4_single_rep1,sendrecv,4,single,1,IB,32768,29.29,1.12,1.12
nccl_sendrecv_perf_np4_single_rep1,sendrecv,4,single,1,IB,65536,32.94,1.99,1.99
nccl_sendrecv_perf_np4_single_rep1,sendrecv,4,single,1,IB,131072,42.68,3.07,3.07
nccl_sendrecv_perf_np4_single_rep1,sendrecv,4,single,1,IB,262144,60.64,4.32,4.32
nccl_sendrecv_perf_np4_single_rep1,sendrecv,4,single,1,IB,524288,98.64,5.31,5.31
nccl_sendrecv_perf_np4_single_rep1,sendrecv,4,single,1,IB,1048576,128.0,8.19,8.19
nccl_sendrecv_perf_np4_single_rep1,sendrecv,4,single,1,IB,2097152,220.51,9.51,9.51
nccl_sendrecv_perf_np4_single_rep1,sendrecv,4,single,1,IB,4194304,397.17,10.56,10.56
nccl_sendrecv_perf_np4_single_rep1,sendrecv,4,single,1,IB,8388608,749.24,11.2,11.2
nccl_sendrecv_perf_np4_single_rep1,sendrecv,4,single,1,IB,16777216,1439.77,11.65,11.65
nccl_sendrecv_perf_np4_single_rep1,sendrecv,4,single,1,IB,33554432,2838.36,11.82,11.82
nccl_sendrecv_perf_np4_single_rep1,sendrecv,4,single,1,IB,67108864,5542.5,12.11,12.11
nccl_sendrecv_perf_np4_single_rep1,sendrecv,4,single,1,IB,134217728,11030.7,12.17,12.17
nccl_sendrecv_perf_np4_single_rep1,sendrecv,4,single,1,IB,268435456,22161.4,12.11,12.11
nccl_sendrecv_perf_np4_single_rep1,sendrecv,4,single,1,IB,536870912,44128.7,12.17,12.17
nccl_sendrecv_perf_np4_single_rep1,sendrecv,4,single,1,IB,1073741824,88285.6,12.16,12.16
nccl_sendrecv_perf_np4_single_rep2,sendrecv,4,single,2,IB,1024,23.52,0.04,0.04
nccl_sendrecv_perf_np4_single_rep2,sendrecv,4,single,2,IB,2048,30.48,0.07,0.07
nccl_sendrecv_perf_np4_single_rep2,sendrecv,4,single,2,IB,4096,22.37,0.18,0.18
nccl_sendrecv_perf_np4_single_rep2,sendrecv,4,single,2,IB,8192,23.15,0.35,0.35
nccl_sendrecv_perf_np4_single_rep2,sendrecv,4,single,2,IB,16384,21.62,0.76,0.76
nccl_sendrecv_perf_np4_single_rep2,sendrecv,4,single,2,IB,32768,26.33,1.24,1.24
nccl_sendrecv_perf_np4_single_rep2,sendrecv,4,single,2,IB,65536,40.27,1.63,1.63
nccl_sendrecv_perf_np4_single_rep2,sendrecv,4,single,2,IB,131072,54.97,2.38,2.38
nccl_sendrecv_perf_np4_single_rep2,sendrecv,4,single,2,IB,262144,64.8,4.05,4.05
nccl_sendrecv_perf_np4_single_rep2,sendrecv,4,single,2,IB,524288,94.61,5.54,5.54
nccl_sendrecv_perf_np4_single_rep2,sendrecv,4,single,2,IB,1048576,133.42,7.86,7.86
nccl_sendrecv_perf_np4_single_rep2,sendrecv,4,single,2,IB,2097152,222.64,9.42,9.42
nccl_sendrecv_perf_np4_single_rep2,sendrecv,4,single,2,IB,4194304,397.85,10.54,10.54
nccl_sendrecv_perf_np4_single_rep2,sendrecv,4,single,2,IB,8388608,746.79,11.23,11.23
nccl_sendrecv_perf_np4_single_rep2,sendrecv,4,single,2,IB,16777216,1427.14,11.76,11.76
nccl_sendrecv_perf_np4_single_rep2,sendrecv,4,single,2,IB,33554432,2791.03,12.02,12.02
nccl_sendrecv_perf_np4_single_rep2,sendrecv,4,single,2,IB,67108864,5549.66,12.09,12.09
nccl_sendrecv_perf_np4_single_rep2,sendrecv,4,single,2,IB,134217728,11149.2,12.04,12.04
nccl_sendrecv_perf_np4_single_rep2,sendrecv,4,single,2,IB,268435456,22128.3,12.13,12.13
nccl_sendrecv_perf_np4_single_rep2,sendrecv,4,single,2,IB,536870912,44034.8,12.19,12.19
nccl_sendrecv_perf_np4_single_rep2,sendrecv,4,single,2,IB,1073741824,88400.8,12.15,12.15
nccl_sendrecv_perf_np4_single_rep3,sendrecv,4,single,3,IB,1024,20.64,0.05,0.05
nccl_sendrecv_perf_np4_single_rep3,sendrecv,4,single,3,IB,2048,31.17,0.07,0.07
nccl_sendrecv_perf_np4_single_rep3,sendrecv,4,single,3,IB,4096,21.8,0.19,0.19
nccl_sendrecv_perf_np4_single_rep3,sendrecv,4,single,3,IB,8192,20.95,0.39,0.39
nccl_sendrecv_perf_np4_single_rep3,sendrecv,4,single,3,IB,16384,23.84,0.69,0.69
nccl_sendrecv_perf_np4_single_rep3,sendrecv,4,single,3,IB,32768,37.34,0.88,0.88
nccl_sendrecv_perf_np4_single_rep3,sendrecv,4,single,3,IB,65536,28.02,2.34,2.34
nccl_sendrecv_perf_np4_single_rep3,sendrecv,4,single,3,IB,131072,44.63,2.94,2.94
nccl_sendrecv_perf_np4_single_rep3,sendrecv,4,single,3,IB,262144,53.73,4.88,4.88
nccl_sendrecv_perf_np4_single_rep3,sendrecv,4,single,3,IB,524288,82.41,6.36,6.36
nccl_sendrecv_perf_np4_single_rep3,sendrecv,4,single,3,IB,1048576,137.35,7.63,7.63
nccl_sendrecv_perf_np4_single_rep3,sendrecv,4,single,3,IB,2097152,218.43,9.6,9.6
nccl_sendrecv_perf_np4_single_rep3,sendrecv,4,single,3,IB,4194304,402.02,10.43,10.43
nccl_sendrecv_perf_np4_single_rep3,sendrecv,4,single,3,IB,8388608,740.02,11.34,11.34
nccl_sendrecv_perf_np4_single_rep3,sendrecv,4,single,3,IB,16777216,1445.55,11.61,11.61
nccl_sendrecv_perf_np4_single_rep3,sendrecv,4,single,3,IB,33554432,2825.28,11.88,11.88
nccl_sendrecv_perf_np4_single_rep3,sendrecv,4,single,3,IB,67108864,5577.52,12.03,12.03
nccl_sendrecv_perf_np4_single_rep3,sendrecv,4,single,3,IB,134217728,11148.0,12.04,12.04
nccl_sendrecv_perf_np4_single_rep3,sendrecv,4,single,3,IB,268435456,21998.7,12.2,12.2
nccl_sendrecv_perf_np4_single_rep3,sendrecv,4,single,3,IB,536870912,44345.1,12.11,12.11
nccl_sendrecv_perf_np4_single_rep3,sendrecv,4,single,3,IB,1073741824,88463.7,12.14,12.14
nccl_sendrecv_perf_np4_tcp_rep1,sendrecv,4,tcp,1,Socket,1024,207.81,0.0,0.0
nccl_sendrecv_perf_np4_tcp_rep1,sendrecv,4,tcp,1,Socket,2048,256.25,0.01,0.01
nccl_sendrecv_perf_np4_tcp_rep1,sendrecv,4,tcp,1,Socket,4096,244.46,0.02,0.02
nccl_sendrecv_perf_np4_tcp_rep1,sendrecv,4,tcp,1,Socket,8192,249.25,0.03,0.03
nccl_sendrecv_perf_np4_tcp_rep1,sendrecv,4,tcp,1,Socket,16384,246.12,0.07,0.07
nccl_sendrecv_perf_np4_tcp_rep1,sendrecv,4,tcp,1,Socket,32768,270.76,0.12,0.12
nccl_sendrecv_perf_np4_tcp_rep1,sendrecv,4,tcp,1,Socket,65536,284.98,0.23,0.23
nccl_sendrecv_perf_np4_tcp_rep1,sendrecv,4,tcp,1,Socket,131072,295.75,0.44,0.44
nccl_sendrecv_perf_np4_tcp_rep1,sendrecv,4,tcp,1,Socket,262144,356.07,0.74,0.74
nccl_sendrecv_perf_np4_tcp_rep1,sendrecv,4,tcp,1,Socket,524288,472.14,1.11,1.11
nccl_sendrecv_perf_np4_tcp_rep1,sendrecv,4,tcp,1,Socket,1048576,658.79,1.59,1.59
nccl_sendrecv_perf_np4_tcp_rep1,sendrecv,4,tcp,1,Socket,2097152,1132.74,1.85,1.85
nccl_sendrecv_perf_np4_tcp_rep1,sendrecv,4,tcp,1,Socket,4194304,2049.63,2.05,2.05
nccl_sendrecv_perf_np4_tcp_rep1,sendrecv,4,tcp,1,Socket,8388608,3954.99,2.12,2.12
nccl_sendrecv_perf_np4_tcp_rep1,sendrecv,4,tcp,1,Socket,16777216,7824.76,2.14,2.14
nccl_sendrecv_perf_np4_tcp_rep1,sendrecv,4,tcp,1,Socket,33554432,15603.2,2.15,2.15
nccl_sendrecv_perf_np4_tcp_rep1,sendrecv,4,tcp,1,Socket,67108864,30866.7,2.17,2.17
nccl_sendrecv_perf_np4_tcp_rep1,sendrecv,4,tcp,1,Socket,134217728,62761.7,2.14,2.14
nccl_sendrecv_perf_np4_tcp_rep1,sendrecv,4,tcp,1,Socket,268435456,125936.0,2.13,2.13
nccl_sendrecv_perf_np4_tcp_rep1,sendrecv,4,tcp,1,Socket,536870912,250969.0,2.14,2.14
nccl_sendrecv_perf_np4_tcp_rep1,sendrecv,4,tcp,1,Socket,1073741824,502568.0,2.14,2.14
nccl_sendrecv_perf_np4_tcp_rep2,sendrecv,4,tcp,2,Socket,1024,221.42,0.0,0.0
nccl_sendrecv_perf_np4_tcp_rep2,sendrecv,4,tcp,2,Socket,2048,213.56,0.01,0.01
nccl_sendrecv_perf_np4_tcp_rep2,sendrecv,4,tcp,2,Socket,4096,236.76,0.02,0.02
nccl_sendrecv_perf_np4_tcp_rep2,sendrecv,4,tcp,2,Socket,8192,245.95,0.03,0.03
nccl_sendrecv_perf_np4_tcp_rep2,sendrecv,4,tcp,2,Socket,16384,244.77,0.07,0.07
nccl_sendrecv_perf_np4_tcp_rep2,sendrecv,4,tcp,2,Socket,32768,252.98,0.13,0.13
nccl_sendrecv_perf_np4_tcp_rep2,sendrecv,4,tcp,2,Socket,65536,267.9,0.24,0.24
nccl_sendrecv_perf_np4_tcp_rep2,sendrecv,4,tcp,2,Socket,131072,304.48,0.43,0.43
nccl_sendrecv_perf_np4_tcp_rep2,sendrecv,4,tcp,2,Socket,262144,359.46,0.73,0.73
nccl_sendrecv_perf_np4_tcp_rep2,sendrecv,4,tcp,2,Socket,524288,457.86,1.15,1.15
nccl_sendrecv_perf_np4_tcp_rep2,sendrecv,4,tcp,2,Socket,1048576,664.77,1.58,1.58
nccl_sendrecv_perf_np4_tcp_rep2,sendrecv,4,tcp,2,Socket,2097152,1101.54,1.9,1.9
nccl_sendrecv_perf_np4_tcp_rep2,sendrecv,4,tcp,2,Socket,4194304,2049.57,2.05,2.05
nccl_sendrecv_perf_np4_tcp_rep2,sendrecv,4,tcp,2,Socket,8388608,3885.76,2.16,2.16
nccl_sendrecv_perf_np4_tcp_rep2,sendrecv,4,tcp,2,Socket,16777216,7617.93,2.2,2.2
nccl_sendrecv_perf_np4_tcp_rep2,sendrecv,4,tcp,2,Socket,33554432,15089.4,2.22,2.22
nccl_sendrecv_perf_np4_tcp_rep2,sendrecv,4,tcp,2,Socket,67108864,31021.6,2.16,2.16
nccl_sendrecv_perf_np4_tcp_rep2,sendrecv,4,tcp,2,Socket,134217728,61708.1,2.18,2.18
nccl_sendrecv_perf_np4_tcp_rep2,sendrecv,4,tcp,2,Socket,268435456,124125.0,2.16,2.16
nccl_sendrecv_perf_np4_tcp_rep2,sendrecv,4,tcp,2,Socket,536870912,248276.0,2.16,2.16
nccl_sendrecv_perf_np4_tcp_rep2,sendrecv,4,tcp,2,Socket,1073741824,495535.0,2.17,2.17
nccl_sendrecv_perf_np4_tcp_rep3,sendrecv,4,tcp,3,Socket,1024,229.9,0.0,0.0
nccl_sendrecv_perf_np4_tcp_rep3,sendrecv,4,tcp,3,Socket,2048,236.71,0.01,0.01
nccl_sendrecv_perf_np4_tcp_rep3,sendrecv,4,tcp,3,Socket,4096,211.73,0.02,0.02
nccl_sendrecv_perf_np4_tcp_rep3,sendrecv,4,tcp,3,Socket,8192,183.03,0.04,0.04
nccl_sendrecv_perf_np4_tcp_rep3,sendrecv,4,tcp,3,Socket,16384,244.33,0.07,0.07
nccl_sendrecv_perf_np4_tcp_rep3,sendrecv,4,tcp,3,Socket,32768,211.26,0.16,0.16
nccl_sendrecv_perf_np4_tcp_rep3,sendrecv,4,tcp,3,Socket,65536,254.22,0.26,0.26
nccl_sendrecv_perf_np4_tcp_rep3,sendrecv,4,tcp,3,Socket,131072,236.79,0.55,0.55
nccl_sendrecv_perf_np4_tcp_rep3,sendrecv,4,tcp,3,Socket,262144,319.88,0.82,0.82
nccl_sendrecv_perf_np4_tcp_rep3,sendrecv,4,tcp,3,Socket,524288,447.06,1.17,1.17
nccl_sendrecv_perf_np4_tcp_rep3,sendrecv,4,tcp,3,Socket,1048576,663.14,1.58,1.58
nccl_sendrecv_perf_np4_tcp_rep3,sendrecv,4,tcp,3,Socket,2097152,1082.08,1.94,1.94
nccl_sendrecv_perf_np4_tcp_rep3,sendrecv,4,tcp,3,Socket,4194304,1988.91,2.11,2.11
nccl_sendrecv_perf_np4_tcp_rep3,sendrecv,4,tcp,3,Socket,8388608,3796.39,2.21,2.21
nccl_sendrecv_perf_np4_tcp_rep3,sendrecv,4,tcp,3,Socket,16777216,7480.5,2.24,2.24
nccl_sendrecv_perf_np4_tcp_rep3,sendrecv,4,tcp,3,Socket,33554432,14951.5,2.24,2.24
nccl_sendrecv_perf_np4_tcp_rep3,sendrecv,4,tcp,3,Socket,67108864,29804.4,2.25,2.25
nccl_sendrecv_perf_np4_tcp_rep3,sendrecv,4,tcp,3,Socket,134217728,60042.9,2.24,2.24
nccl_sendrecv_perf_np4_tcp_rep3,sendrecv,4,tcp,3,Socket,268435456,120367.0,2.23,2.23
nccl_sendrecv_perf_np4_tcp_rep3,sendrecv,4,tcp,3,Socket,536870912,240764.0,2.23,2.23
nccl_sendrecv_perf_np4_tcp_rep3,sendrecv,4,tcp,3,Socket,1073741824,481099.0,2.23,2.23
